day,block,ev,pool,s1,prev,bid,ask,b,fair,bid_filled,ask_filled,pnl_bid,pnl_ask,edge
2025-10-17,flat,29.114,17.645,25.0,50.0,21.166,37.324,,,False,False,,,
2025-10-18,flat,25.603,13.853,22.5,25.0,18.614,32.824,,,False,False,,,
2025-10-21,flat,56.685,13.261,38.0,38.0,41.21,72.67,,,True,False,-28.948,,
2025-10-28,flat,96.97,28.641,65.0,75.0,70.497,124.315,,,True,False,-42.856,,
2025-10-29,flat,25.788,1.709,23.0,20.0,18.748,33.06,,,False,False,,,
2025-10-30,flat,29.163,74.611,155.0,106.0,21.201,37.387,,,False,True,,-38.224,
2025-10-31,flat,25.517,32.593,30.0,30.0,18.551,32.713,,,False,False,,,
2025-11-01,flat,7.341,11.329,15.0,62.5,5.337,9.412,,,False,True,,-2.917,
2025-11-04,flat,103.216,288.604,250.0,175.0,75.038,132.323,,,False,True,,-157.281,
2025-11-05,flat,32.229,30.061,32.0,125.0,23.431,41.318,,,False,False,,,
2025-11-06,flat,17.612,85.851,30.0,35.0,12.804,22.578,,,False,True,,-64.273,
2025-11-07,flat,60.131,37.337,35.0,35.0,43.715,77.088,,,True,False,-7.379,,
2025-11-08,flat,89.694,106.735,150.0,120.0,65.208,114.988,,,False,True,,7.253,
2025-11-11,flat,35.437,38.949,55.0,55.0,25.763,45.43,,,False,True,,5.481,
2025-11-13,flat,8.256,3.895,65.0,55.0,6.002,10.584,,,False,True,,5.689,
2025-11-14,flat,41.251,45.688,65.0,65.0,29.989,52.884,,,False,True,,6.196,
2025-11-15,flat,30.979,61.172,30.0,30.0,22.522,39.715,,,False,False,,,
2025-11-18,flat,144.137,140.372,159.0,75.0,104.788,184.784,,,False,False,,,
2025-11-19,flat,95.546,95.793,55.0,65.0,69.462,122.49,,,True,False,25.331,,
2025-11-20,flat,68.045,33.245,37.0,25.0,49.469,87.234,,,True,False,-17.224,,
2025-11-21,flat,45.639,23.83,29.0,35.0,33.18,58.51,,,True,False,-10.35,,
2025-11-22,flat,27.989,23.666,25.0,30.0,20.348,35.881,,,False,False,,,
2025-11-25,flat,108.106,56.883,135.0,135.0,78.593,138.591,,,False,False,,,
2025-11-26,flat,73.526,58.528,135.0,135.0,53.454,94.261,,,False,True,,34.733,
2025-11-27,flat,62.94,73.588,155.0,95.0,45.757,80.689,,,False,True,,6.101,
2025-11-28,flat,53.845,58.315,77.0,77.0,39.145,69.029,,,False,True,,9.714,
2025-11-29,flat,57.485,32.616,60.0,50.0,41.792,73.696,,,False,False,,,
2025-12-02,flat,35.254,26.725,65.0,61.0,25.63,45.196,,,False,True,,17.471,
2025-12-03,flat,39.335,38.872,45.0,50.0,28.596,50.427,,,False,False,,,
2025-12-04,flat,19.904,22.757,30.0,30.0,14.47,25.517,,,False,True,,1.76,
2025-12-05,flat,35.159,39.629,52.0,66.0,25.561,45.074,,,False,True,,4.445,
2025-12-06,flat,38.347,48.35,52.0,79.0,27.878,49.16,,,False,True,,-0.19,
2025-12-09,flat,48.654,58.902,44.0,58.0,35.371,62.374,,,False,False,,,
2025-12-10,flat,30.127,36.265,40.0,44.0,21.902,38.622,,,False,True,,1.358,
2025-12-11,flat,62.829,42.278,70.0,40.0,45.677,80.547,,,False,False,,,
2025-12-12,flat,83.395,58.398,235.0,200.0,60.628,106.913,,,False,True,,47.515,
2025-12-13,flat,45.934,46.355,69.0,68.0,33.394,58.888,,,False,True,,11.533,
2025-12-16,flat,24.116,20.953,25.0,73.0,17.532,30.917,,,False,False,,,
2025-12-17,flat,24.358,24.698,30.0,55.0,17.708,31.227,,,False,False,,,
2025-12-18,flat,30.635,25.35,55.0,55.0,22.271,39.273,,,False,True,,12.923,
2025-12-19,flat,34.834,21.04,35.0,55.0,25.324,44.658,,,False,False,,,
2025-12-20,flat,43.486,38.766,42.0,42.0,31.614,55.749,,,False,False,,,
2025-12-23,flat,101.297,34.712,50.0,55.0,73.643,129.863,,,True,False,-39.93,,
2025-12-24,flat,85.337,45.798,55.0,55.0,62.04,109.401,,,True,False,-17.241,,
2025-12-25,flat,107.066,48.129,55.0,35.0,77.837,137.259,,,True,False,-30.708,,
2025-12-27,flat,21.597,23.251,30.0,30.0,15.701,27.687,,,False,True,,3.436,
2025-12-30,flat,23.657,17.786,40.0,40.0,17.198,30.328,,,False,True,,11.542,
2026-01-03,flat,37.215,44.054,40.0,50.5,27.055,47.71,,,False,False,,,
2026-01-06,flat,20.615,13.252,29.0,50.0,14.987,26.428,,,False,True,,12.176,
2026-01-07,flat,23.684,12.982,22.0,50.0,17.218,30.362,,,False,False,,,
2026-01-08,flat,25.616,16.798,25.0,50.0,18.623,32.84,,,False,False,,,
2026-01-09,flat,37.158,17.366,27.0,35.0,27.014,47.637,,,True,False,-10.648,,
2026-01-13,flat,26.486,18.53,24.0,22.0,19.255,33.955,,,False,False,,,
2026-01-14,flat,20.122,6.122,15.0,15.0,14.628,25.796,0.549,17.812,False,False,,,2.812
2026-01-15,flat,15.283,3.855,15.0,15.0,11.111,19.593,0.55,15.156,False,False,,,0.156
2026-01-16,flat,44.088,12.701,45.0,40.0,32.052,56.521,0.548,42.242,False,False,,,2.242
2026-01-20,flat,27.053,14.974,38.0,38.0,19.668,34.682,0.55,31.983,False,True,,18.708,-6.017
2026-01-21,flat,25.639,19.347,25.0,38.0,18.639,32.869,0.549,31.21,False,False,,,-6.79
2026-01-22,flat,143.816,56.065,121.0,120.0,104.554,184.372,0.549,133.077,False,False,,,13.077
2026-01-23,flat,71.197,46.742,90.0,90.0,51.76,91.274,0.544,79.764,False,False,,,-10.236
2026-01-27,flat,55.213,31.817,35.0,43.0,40.14,70.783,0.544,49.646,True,False,-9.323,,6.646
2026-01-28,flat,48.857,39.788,34.0,43.0,35.519,62.635,0.544,46.187,True,False,3.269,,3.187
2026-01-29,flat,53.907,35.132,28.5,28.5,39.191,69.109,0.51,41.459,True,False,-5.058,,12.959
2026-01-30,flat,31.036,12.715,25.0,28.5,22.563,39.788,0.512,29.799,False,False,,,1.299
2026-02-03,flat,30.908,19.911,32.0,32.0,22.47,39.624,0.511,31.443,False,False,,,-0.557
2026-02-04,flat,5.624,7.213,20.0,32.0,4.089,7.21,0.512,18.491,False,True,,-1.003,-13.509
2026-02-05,flat,14.79,18.702,30.0,30.0,10.753,18.961,0.515,22.161,False,True,,-0.741,-7.839
2026-02-06,flat,9.547,14.076,23.0,27.0,6.941,12.24,0.515,18.019,False,True,,-2.837,-8.981
2026-02-10,flat,22.542,15.236,19.0,30.0,16.388,28.898,0.515,26.161,False,False,,,-3.839
2026-02-11,flat,29.549,18.532,24.0,25.0,21.482,37.881,0.514,27.34,False,False,,,2.34
2026-02-12,flat,17.758,16.303,19.0,23.5,12.91,22.766,0.514,20.55,False,False,,,-2.95
2026-02-13,flat,20.437,20.988,19.0,19.0,14.857,26.2,0.513,19.737,False,False,,,0.737
2026-02-17,flat,15.911,12.968,50.0,50.0,11.567,20.398,0.513,32.509,False,True,,6.431,-17.491
2026-02-18,flat,25.243,24.656,45.0,55.0,18.352,32.362,0.514,39.709,False,True,,6.706,-15.291
2026-02-19,flat,40.073,65.9,76.5,60.0,29.133,51.374,0.514,49.75,False,True,,-15.526,-10.25
2026-02-20,flat,44.444,51.851,73.5,73.5,32.311,56.977,0.517,58.49,False,True,,4.125,-15.01
2026-02-24,flat,20.8,20.954,26.0,35.0,15.122,26.666,0.519,27.631,False,False,,,-7.369
2026-02-25,flat,12.991,3.289,17.5,12.5,9.444,16.654,0.52,12.755,False,True,,12.365,0.255
2026-02-26,flat,8.828,2.931,12.0,31.0,6.418,11.317,0.516,19.553,False,True,,7.387,-11.447
2026-02-27,flat,44.503,26.58,44.0,43.5,32.354,57.053,0.515,44.017,False,False,,,0.517
2026-03-03,flat,3.51,14.199,15.75,28.05,2.552,4.5,0.515,15.416,False,True,,-10.699,-12.634
2026-03-04,flat,21.492,69.827,28.05,28.05,15.624,27.552,0.515,24.671,False,True,,-43.275,-3.379
2026-03-05,flat,31.268,43.798,50.0,28.05,22.732,40.086,0.516,29.71,False,True,,-4.712,1.66
2026-03-06,flat,16.955,11.927,20.0,20.0,12.327,21.737,0.515,18.432,False,False,,,-1.568
2026-03-10,flat,106.058,35.581,35.0,35.0,77.104,135.966,0.513,71.459,True,False,-42.523,,36.459
2026-03-11,flat,22.874,10.183,50.0,35.0,16.629,29.324,0.517,28.734,False,True,,18.141,-6.266
2026-03-12,flat,18.277,26.147,34.0,70.0,13.287,23.431,0.521,43.027,False,True,,-3.716,-26.973
2026-03-13,flat,27.882,38.616,40.0,70.0,20.27,35.745,0.522,48.018,False,True,,-3.871,-21.982
2026-03-14,flat,27.276,30.804,40.7,38.0,19.83,34.968,0.496,32.682,False,True,,3.164,-5.318
2026-03-17,flat,4.432,1.682,10.0,25.0,3.222,5.682,0.496,14.796,False,True,,2.999,-10.204
2026-03-18,flat,10.671,4.032,11.0,12.0,7.757,13.68,0.5,11.336,False,False,,,-0.664
2026-03-19,flat,8.9,12.721,11.0,12.0,6.47,11.41,0.499,10.452,False,False,,,-1.548
2026-03-20,flat,15.948,16.166,13.0,14.0,11.594,20.445,0.499,14.973,False,False,,,0.973
2026-03-21,flat,32.83,34.012,45.0,25.0,23.868,42.089,0.5,28.912,False,True,,7.077,3.912
2026-03-24,flat,35.113,41.037,33.15,33.15,25.527,45.015,0.5,34.132,False,False,,,0.982
2026-03-26,flat,84.436,151.127,75.0,55.0,61.385,108.247,0.501,69.753,False,False,,,14.753
2026-03-27,flat,27.551,26.944,29.0,40.0,20.029,35.32,0.503,33.738,False,False,,,-6.262
2026-03-28,flat,30.764,31.923,39.75,35.0,22.366,39.44,0.506,32.855,False,True,,6.517,-2.145
2026-03-31,flat,29.845,17.075,25.0,35.0,21.698,38.262,0.509,32.376,False,False,,,-2.624
2026-04-01,flat,43.871,15.556,32.0,41.0,31.894,56.242,0.551,42.581,False,False,,,1.581
2026-04-02,flat,67.333,14.145,32.0,32.0,48.951,86.32,0.551,51.456,True,False,-35.806,,19.456
2026-04-03,flat,44.77,24.335,44.0,44.0,32.548,57.395,0.551,44.424,False,False,,,0.424
2026-04-04,flat,24.027,8.913,29.0,29.0,17.467,30.802,0.551,26.261,False,False,,,-2.739
2026-04-07,flat,25.649,5.876,48.0,48.0,18.647,32.882,0.548,35.747,False,True,,26.006,-12.253
2026-04-08,flat,115.767,32.77,60.0,48.0,84.163,148.414,0.534,84.191,True,False,-52.393,,36.191
2026-04-09,flat,74.681,21.127,60.0,50.0,54.293,95.741,0.533,63.152,False,False,,,13.152
2026-04-10,flat,22.404,23.764,30.0,30.0,16.287,28.721,0.533,25.955,False,True,,3.957,-4.045
2026-04-11,flat,29.423,20.812,24.0,24.0,21.391,37.721,0.536,26.904,False,False,,,2.904
2026-04-14,flat,7.494,3.908,17.0,17.0,5.448,9.608,0.502,12.228,False,True,,4.7,-4.772
2026-04-15,flat,14.662,14.725,17.0,20.0,10.659,18.796,0.491,17.377,False,False,,,-2.623
2026-04-16,flat,91.01,107.83,70.0,60.0,66.165,116.675,0.491,75.241,False,False,,,15.241
2026-04-17,flat,202.18,124.239,100.0,65.0,146.985,259.195,0.492,132.52,True,False,-23.746,,67.52
2026-04-18,flat,24.629,16.123,26.0,26.0,17.905,31.574,0.492,25.325,False,False,,,-0.675
2026-04-21,flat,26.184,21.29,29.0,29.0,19.036,33.568,0.492,27.613,False,False,,,-1.387
2026-04-23,flat,6.194,3.109,8.0,27.0,4.503,7.941,0.51,16.397,False,True,,3.832,-10.603
2026-04-24,flat,11.076,9.403,11.0,40.0,8.052,14.199,0.509,25.276,False,False,,,-14.724
2026-04-25,flat,28.445,12.615,38.0,38.0,20.679,36.466,0.509,33.135,False,True,,22.851,-4.865
2026-05-01,flat,19.046,14.737,35.25,34.25,13.846,24.417,0.509,26.508,False,True,,8.68,-7.742
2026-05-02,flat,33.923,24.321,37.0,28.65,24.662,43.49,0.51,31.337,False,False,,,2.687
2026-05-05,flat,57.841,35.763,57.0,35.25,42.05,74.152,0.511,46.786,False,False,,,11.536
2026-05-06,flat,33.454,24.067,35.0,35.25,24.321,42.888,0.511,34.333,False,False,,,-0.917
2026-05-07,flat,48.804,92.218,24.0,35.0,35.481,62.567,0.511,42.054,True,False,55.737,,7.054
2026-05-08,flat,27.604,14.622,28.0,28.0,20.068,35.388,0.511,27.797,False,False,,,-0.203
2026-05-09,flat,36.713,26.697,73.0,26.0,26.69,47.066,0.511,31.476,False,True,,19.369,5.476
2026-05-12,flat,24.154,28.983,27.0,29.0,17.56,30.965,0.51,26.53,False,False,,,-2.47
2026-05-13,flat,3.801,16.405,26.0,27.0,2.763,4.873,0.52,14.94,False,True,,-12.532,-12.06
2026-05-14,flat,1.516,0.0,26.0,26.0,1.102,1.944,0.525,13.149,False,True,,0.944,-12.851
2026-05-15,flat,2.116,5.672,26.0,26.0,1.538,2.713,0.537,13.173,False,True,,-3.959,-12.827
2026-05-16,flat,1.674,10.17,15.0,24.0,1.217,2.146,0.538,11.977,False,True,,-9.025,-12.023
2026-05-19,flat,9.914,16.484,26.0,26.0,7.207,12.71,0.548,17.177,False,True,,-4.774,-8.823
2026-05-20,flat,12.019,24.291,26.0,26.0,8.738,15.408,0.549,18.326,False,True,,-9.883,-7.674
2026-05-21,flat,31.233,27.498,36.0,26.0,22.706,40.04,0.543,28.843,False,False,,,2.843
2026-05-22,flat,35.991,27.096,43.0,40.0,26.165,46.14,0.641,37.431,False,False,,,-2.569
2026-05-23,flat,23.443,13.821,24.0,24.0,17.043,30.054,0.617,23.656,False,False,,,-0.344
2026-05-26,flat,36.729,21.853,25.0,25.0,26.702,47.086,0.624,32.324,True,False,-5.849,,7.324
2026-05-27,flat,123.01,269.498,36.0,28.0,89.429,157.699,0.626,87.515,True,False,179.069,,59.515
2026-05-28,flat,256.264,383.961,130.0,36.0,186.304,328.531,0.63,174.842,True,False,196.657,,138.842
2026-05-29,flat,157.392,26.314,55.0,60.0,114.424,201.777,0.631,121.479,True,False,-89.111,,61.479
2026-05-30,flat,16.704,7.362,20.0,30.0,12.144,21.415,0.626,21.677,False,False,,,-8.323
2026-06-02,flat,14.67,10.871,20.0,20.0,10.665,18.807,0.803,15.72,False,True,,6.936,-4.28
2026-06-03,flat,42.272,24.139,100.0,100.0,30.732,54.193,1.056,39.06,False,True,,29.054,-60.94
2026-06-04,flat,9.554,19.108,34.0,40.0,6.946,12.248,0.977,10.265,False,True,,-7.86,-29.735
2026-06-05,flat,7.911,15.813,14.0,34.0,5.751,10.142,0.975,8.559,False,True,,-6.671,-25.441
2026-06-06,flat,14.236,20.328,15.0,15.0,10.35,18.251,0.983,14.25,False,False,,,-0.75
2026-06-09,flat,26.268,21.72,23.0,25.0,19.096,33.675,0.988,26.252,False,False,,,1.252
2026-06-10,flat,15.345,4.338,10.0,23.0,11.156,19.672,0.985,15.459,True,False,-7.818,,-7.541
2026-06-11,flat,20.147,12.732,21.0,21.0,14.647,25.829,0.976,20.168,False,False,,,-0.832
2026-06-12,flat,16.916,13.742,21.0,21.0,12.298,21.686,0.973,17.027,False,False,,,-3.973
2026-06-13,flat,14.362,26.474,18.0,18.0,10.441,18.412,0.976,14.45,False,False,,,-3.55
2026-06-16,flat,15.559,18.098,24.0,36.0,11.311,19.946,0.977,16.021,False,True,,0.848,-19.979
2026-06-17,flat,23.509,8.956,30.0,34.0,17.091,30.139,0.978,23.735,False,False,,,-10.265
2026-06-18,flat,36.749,11.658,40.0,40.0,26.716,47.112,0.978,36.82,False,False,,,-3.18
2026-06-19,flat,33.808,22.08,20.0,34.0,24.578,43.342,0.978,33.812,True,False,-3.498,,-0.188
2026-06-20,flat,10.42,3.544,14.0,14.0,7.575,13.358,0.978,10.5,False,True,,8.814,-3.5
2026-06-23,flat,32.696,94.583,45.0,29.25,23.77,41.916,0.98,32.627,False,True,,-53.667,3.377
2026-06-24,flat,26.053,40.647,31.0,26.0,18.941,33.4,0.984,26.052,False,False,,,0.052
2026-06-25,flat,15.414,13.663,20.0,25.0,11.206,19.761,0.985,15.558,False,True,,5.098,-9.442
2026-06-26,flat,16.96,17.495,21.0,19.0,12.33,21.743,0.986,16.989,False,False,,,-2.011
2026-06-27,flat,9.751,9.655,19.0,17.0,7.089,12.501,0.99,9.822,False,True,,1.846,-7.178
2026-06-30,flat,10.535,11.247,20.0,20.0,7.659,13.506,0.974,10.782,False,True,,1.259,-9.218
2026-07-01,flat,13.949,9.942,24.0,38.0,10.141,17.882,0.975,14.562,False,True,,6.94,-23.438
2026-07-02,flat,12.049,18.48,15.0,40.0,8.76,15.447,0.975,12.749,False,False,,,-27.251
2026-07-03,flat,9.201,6.071,12.0,40.0,6.689,11.796,0.976,9.943,False,True,,4.724,-30.057
2026-07-04,flat,8.739,7.475,30.0,30.0,6.354,11.204,0.975,9.262,False,True,,2.729,-20.738
2026-07-07,flat,22.281,14.788,30.0,40.0,16.198,28.564,0.974,22.743,False,True,,12.776,-17.257
2026-07-08,flat,11.571,9.197,30.0,35.0,8.412,14.834,0.972,12.238,False,True,,4.638,-22.762
2026-07-09,flat,15.775,18.739,27.0,35.0,11.468,20.223,0.992,15.936,False,True,,0.484,-19.064
2026-07-10,flat,11.577,29.487,15.0,28.0,8.417,14.842,0.999,11.596,False,True,,-15.645,-16.404
2026-07-11,flat,7.913,9.176,11.5,11.0,5.753,10.145,1.03,7.822,False,True,,-0.031,-3.178
2026-07-14,flat,54.36,38.927,30.0,48.0,39.52,69.689,1.03,54.548,True,False,-1.593,,6.548
2026-07-15,flat,58.448,36.964,60.0,48.0,42.492,74.93,1.028,58.745,False,False,,,10.745
2026-07-16,flat,55.416,121.71,48.0,48.0,40.288,71.044,1.027,55.615,False,False,,,7.615
2026-07-17,flat,49.134,45.997,45.0,48.0,35.72,62.989,1.026,49.163,False,False,,,1.163
2026-07-18,flat,17.935,9.741,25.0,25.0,13.039,22.993,1.024,17.762,False,True,,12.251,-7.238
2026-07-21,flat,88.165,53.182,85.0,60.0,64.096,113.028,1.022,88.792,False,False,,,28.792
2026-07-22,flat,85.812,212.141,80.0,90.0,62.385,110.011,1.027,85.699,False,False,,,-4.301
2026-07-23,flat,39.813,35.613,55.5,50.0,28.944,51.041,1.027,39.535,False,True,,14.428,-10.465
2026-07-24,flat,28.371,24.347,30.0,32.0,20.625,36.371,1.028,28.269,False,False,,,-3.731
2026-07-25,flat,18.676,20.059,31.0,25.0,13.577,23.943,1.021,18.544,False,True,,2.883,-6.456
2026-07-28,flat,24.307,21.355,20.0,47.0,17.671,31.162,1.019,23.885,False,False,,,-23.115
2026-07-29,flat,30.268,29.22,33.0,35.0,22.005,38.803,1.018,30.183,False,False,,,-4.817
2026-07-30,flat,25.027,22.458,40.0,45.0,18.194,32.084,1.018,24.674,False,True,,8.626,-20.326
2026-07-31,flat,33.602,42.712,46.0,45.0,24.429,43.078,1.034,33.215,False,True,,-0.633,-11.785
2026-08-01,flat,12.987,9.084,33.5,33.5,9.441,16.649,1.031,12.35,False,True,,6.565,-21.15
2026-08-04,flat,50.732,25.986,47.5,51.5,36.882,65.039,1.033,50.707,False,False,,,-0.793
2026-08-05,flat,50.242,24.765,42.5,51.5,36.526,64.41,1.034,50.199,False,False,,,-1.301
2026-08-06,flat,34.113,66.248,40.0,40.0,24.8,43.733,1.037,33.895,False,False,,,-6.105
2026-08-07,flat,34.861,35.276,37.0,40.0,25.344,44.692,1.038,34.666,False,False,,,-5.334
2026-08-08,flat,26.937,21.575,37.0,36.75,19.583,34.533,1.038,26.566,False,True,,11.958,-10.184
2026-08-11,flat,57.956,22.442,45.0,37.0,42.134,74.299,1.038,58.759,False,False,,,21.759
2026-08-12,flat,74.945,38.952,55.0,55.0,54.485,96.079,1.038,75.699,False,False,,,20.699
2026-08-13,flat,81.098,34.774,37.0,39.0,58.959,103.968,1.039,82.721,True,False,-25.185,,43.721
2026-08-14,flat,64.699,43.513,70.0,55.0,47.036,82.944,1.039,65.073,False,False,,,10.073
2026-08-15,flat,48.073,38.17,34.0,36.0,34.949,61.629,1.033,48.469,True,False,2.222,,12.469
2026-08-18,flat,76.404,50.748,60.0,55.0,55.546,97.95,1.027,76.983,False,False,,,21.983
2026-08-19,flat,81.484,66.699,62.25,60.0,59.239,104.463,1.012,81.741,False,False,,,21.741
2026-08-20,flat,88.053,45.801,66.0,80.0,64.015,112.884,1.01,88.136,False,False,,,8.136
2026-08-21,flat,86.728,66.652,68.0,60.0,63.052,111.186,1.01,86.992,False,False,,,26.992
2026-08-22,flat,62.56,99.93,25.0,25.0,45.481,80.202,1.01,62.949,True,False,53.448,,37.949
2026-08-25,flat,51.805,122.152,96.0,50.0,37.662,66.414,1.011,51.824,False,True,,-56.738,1.824
2026-08-26,flat,34.791,112.745,45.0,45.0,25.293,44.603,1.009,34.701,False,True,,-69.143,-10.299
2026-08-27,flat,27.236,15.827,45.0,45.0,19.8,34.916,1.005,27.14,False,True,,18.089,-17.86
2026-08-28,flat,13.544,19.589,45.0,45.0,9.847,17.364,1.016,13.039,False,True,,-3.225,-31.961
2026-08-29,flat,11.904,14.59,20.0,30.0,8.654,15.261,1.016,11.612,False,True,,-0.329,-18.388
2026-09-01,flat,47.592,98.891,39.0,39.0,34.599,61.013,1.011,47.69,False,False,,,8.69
2026-09-02,flat,91.552,26.174,39.0,39.0,66.558,117.37,1.016,92.394,True,False,-41.384,,53.394
2026-09-03,flat,17.98,16.515,15.0,39.0,13.071,23.05,1.014,17.693,False,False,,,-21.307
2026-09-04,flat,92.08,25.301,44.0,40.0,66.942,118.046,1.013,92.749,True,False,-42.641,,52.749
2026-09-05,flat,48.679,26.045,36.0,36.5,35.39,62.407,1.055,49.347,False,False,,,12.847
2026-09-08,flat,38.55,11.27,36.0,36.0,28.026,49.421,1.027,38.619,False,False,,,2.619
2026-09-09,flat,12.16,13.182,34.0,36.0,8.841,15.589,1.031,11.415,False,True,,1.408,-24.585
2026-09-10,flat,27.046,13.267,34.0,34.0,19.663,34.673,1.01,26.978,False,False,,,-7.022
2026-09-11,flat,28.8,18.76,28.0,34.0,20.938,36.922,1.009,28.755,False,False,,,-5.245
2026-09-12,flat,41.092,27.698,46.0,34.0,29.874,52.68,1.009,41.155,False,False,,,7.155
2026-09-15,flat,87.927,55.988,75.0,34.0,63.923,112.723,1.008,88.354,False,False,,,54.354
2026-09-16,flat,42.709,28.184,35.0,35.0,31.049,54.753,1.009,42.778,False,False,,,7.778
2026-09-17,flat,46.84,96.24,65.0,35.0,34.053,60.049,1.009,46.952,False,True,,-37.191,11.952
2026-09-18,flat,66.235,45.806,60.0,60.0,48.153,84.913,1.009,66.29,False,False,,,6.29
2026-09-19,flat,21.7,16.557,31.0,31.0,15.776,27.819,0.997,21.725,False,True,,10.262,-9.275
2026-09-22,flat,40.564,20.966,29.0,31.0,29.49,52.004,0.982,40.396,True,False,-9.524,,9.396
2025-10-17,peak,40.094,24.664,32.0,63.0,29.148,51.4,,,False,False,,,
2025-10-18,peak,32.739,17.112,26.0,29.75,23.801,41.972,,,False,False,,,
2025-10-21,peak,72.65,17.725,47.12,47.12,52.817,93.137,,,True,False,-36.092,,
2025-10-28,peak,97.39,41.662,88.5,93.0,70.802,124.854,,,False,False,,,
2025-10-29,peak,25.4,2.564,27.75,24.8,18.466,32.562,,,False,False,,,
2025-10-30,peak,35.776,102.317,217.0,131.44,26.009,45.865,,,False,True,,-57.452,
2025-10-31,peak,21.116,16.044,37.2,37.2,15.351,27.07,,,False,True,,10.027,
2025-11-01,peak,8.707,16.993,18.6,76.25,6.33,11.162,,,False,True,,-6.831,
2025-11-04,peak,109.659,349.855,305.69,217.0,79.722,140.582,,,False,True,,-210.273,
2025-11-05,peak,42.915,21.866,39.13,152.85,31.199,55.017,,,False,False,,,
2025-11-06,peak,23.46,124.039,36.68,42.8,17.056,30.076,,,False,True,,-94.963,
2025-11-07,peak,75.068,22.052,42.8,42.8,54.575,96.237,,,True,False,-33.522,,
2025-11-08,peak,120.802,135.149,183.42,146.73,87.823,154.868,,,False,True,,18.719,
2025-11-11,peak,44.464,48.459,73.5,67.25,32.325,57.003,,,False,True,,7.543,
2025-11-13,peak,10.265,4.776,79.48,67.25,7.462,13.159,,,False,True,,7.383,
2025-11-14,peak,58.216,56.073,90.0,79.48,42.323,74.633,,,False,True,,17.56,
2025-11-15,peak,35.461,76.881,29.25,29.25,25.78,45.461,,,False,False,,,
2025-11-18,peak,186.376,189.876,186.83,91.71,135.496,238.935,,,False,False,,,
2025-11-19,peak,117.917,128.102,67.1,76.38,85.725,151.169,,,True,False,41.377,,
2025-11-20,peak,76.779,30.618,45.14,30.5,55.818,98.43,,,True,False,-26.2,,
2025-11-21,peak,55.109,24.757,35.38,42.7,40.064,70.649,,,True,False,-16.307,,
2025-11-22,peak,26.669,21.53,30.5,36.6,19.388,34.189,,,False,False,,,
2025-11-25,peak,128.811,52.601,164.7,164.7,93.645,165.135,,,False,False,,,
2025-11-26,peak,88.513,65.828,164.7,164.7,64.349,113.474,,,False,True,,46.646,
2025-11-27,peak,71.487,80.766,189.1,115.9,51.971,91.646,,,False,True,,9.88,
2025-11-28,peak,59.239,63.11,93.94,93.94,43.066,75.944,,,False,True,,11.834,
2025-11-29,peak,61.026,31.5,73.2,61.0,44.366,78.235,,,False,False,,,
2025-12-02,peak,46.487,36.095,76.91,72.18,33.796,59.597,,,False,True,,22.502,
2025-12-03,peak,35.335,34.399,53.24,59.16,25.688,45.299,,,False,True,,9.901,
2025-12-04,peak,26.967,29.656,34.0,35.5,19.605,34.572,,,False,False,,,
2025-12-05,peak,40.287,44.188,62.66,79.99,29.289,51.648,,,False,True,,6.461,
2025-12-06,peak,39.295,51.863,62.66,95.2,28.568,50.377,,,False,True,,-2.486,
2025-12-09,peak,64.261,80.175,53.02,69.89,46.718,82.383,,,False,False,,,
2025-12-10,peak,30.061,39.385,48.2,53.02,21.855,38.539,,,False,True,,-1.846,
2025-12-11,peak,71.873,41.602,84.35,48.2,52.252,92.142,,,False,False,,,
2025-12-12,peak,93.415,57.926,283.18,241.0,67.913,119.758,,,False,True,,60.832,
2025-12-13,peak,39.058,39.151,83.15,81.94,28.395,50.072,,,False,True,,9.921,
2025-12-16,peak,28.733,26.038,30.13,87.97,20.889,36.835,,,False,False,,,
2025-12-17,peak,26.982,26.748,36.15,66.28,19.616,34.591,,,False,True,,6.843,
2025-12-18,peak,27.203,20.097,66.28,66.28,19.776,34.874,,,False,True,,13.777,
2025-12-19,peak,41.551,29.564,42.18,66.28,30.208,53.269,,,False,False,,,
2025-12-20,peak,38.344,36.974,50.61,50.61,27.876,49.157,,,False,True,,11.183,
2025-12-23,peak,138.0,43.492,60.25,66.28,100.326,176.916,,,True,False,-57.833,,
2025-12-24,peak,104.927,47.588,66.28,66.28,76.282,134.517,,,True,False,-29.694,,
2025-12-25,peak,131.816,46.284,66.28,42.18,95.83,168.989,,,True,False,-50.547,,
2025-12-27,peak,26.368,21.124,36.15,36.15,19.17,33.804,,,False,True,,11.68,
2025-12-30,peak,24.316,18.382,48.2,48.2,17.678,31.173,,,False,True,,11.791,
2026-01-03,peak,30.41,41.725,47.33,60.85,22.108,38.986,,,False,True,,-3.739,
2026-01-06,peak,21.432,10.259,34.31,59.16,15.581,27.476,,,False,True,,16.217,
2026-01-07,peak,28.228,15.436,26.03,59.16,20.522,36.188,,,False,False,,,
2026-01-08,peak,25.761,17.452,29.58,59.16,18.728,33.026,,,False,False,,,
2026-01-09,peak,42.008,16.731,31.95,41.41,30.54,53.854,,,False,False,,,
2026-01-13,peak,33.941,26.803,28.4,26.03,24.675,43.512,,,False,False,,,
2026-01-14,peak,20.069,6.619,17.75,17.75,14.59,25.729,0.534,18.988,False,False,,,1.238
2026-01-15,peak,16.125,4.172,17.75,17.75,11.723,20.672,0.535,16.881,False,False,,,-0.869
2026-01-16,peak,56.682,17.038,53.24,47.33,41.208,72.667,0.533,52.315,False,False,,,4.985
2026-01-20,peak,36.345,18.686,44.96,44.96,26.423,46.594,0.536,40.344,False,False,,,-4.616
2026-01-21,peak,30.332,24.044,29.58,44.96,22.051,38.885,0.536,37.117,False,False,,,-7.843
2026-01-22,peak,183.503,66.044,143.16,141.98,133.407,235.251,0.536,164.255,False,False,,,22.275
2026-01-23,peak,72.771,50.509,106.49,106.49,52.905,93.293,0.531,88.573,False,True,,41.784,-17.917
2026-01-27,peak,61.426,36.196,41.41,50.88,44.657,78.748,0.531,56.479,True,False,-9.461,,5.599
2026-01-28,peak,54.877,44.45,37.5,50.88,39.896,70.352,0.531,53.002,True,False,3.554,,2.122
2026-01-29,peak,62.931,42.504,31.75,33.72,45.751,80.678,0.489,47.993,True,False,-4.247,,14.273
2026-01-30,peak,28.091,10.949,30.0,33.72,20.422,36.013,0.492,30.951,False,False,,,-2.769
2026-02-03,peak,36.958,23.857,38.82,38.82,26.869,47.38,0.491,37.905,False,False,,,-0.915
2026-02-04,peak,5.73,9.836,24.26,38.82,4.166,7.346,0.493,22.506,False,True,,-3.49,-16.314
2026-02-05,peak,18.756,21.495,36.4,36.4,13.636,24.045,0.497,27.623,False,True,,1.55,-8.777
2026-02-06,peak,9.242,13.031,27.9,32.76,6.719,11.848,0.497,21.066,False,True,,-2.182,-11.694
2026-02-10,peak,23.767,16.124,23.05,36.4,17.278,30.469,0.498,30.114,False,False,,,-6.286
2026-02-11,peak,32.018,21.699,29.12,30.33,23.277,41.048,0.497,31.169,False,False,,,0.839
2026-02-12,peak,19.374,19.032,23.05,28.51,14.085,24.838,0.497,23.973,False,False,,,-4.537
2026-02-13,peak,23.543,27.109,23.05,23.05,17.116,30.183,0.496,23.295,False,False,,,0.245
2026-02-17,peak,16.472,12.843,60.66,60.66,11.975,21.117,0.496,38.741,False,True,,7.274,-21.919
2026-02-18,peak,27.11,26.628,54.59,66.73,19.709,34.754,0.497,47.037,False,True,,7.127,-19.693
2026-02-19,peak,39.411,67.502,92.81,72.79,28.652,50.525,0.498,56.181,False,True,,-17.977,-16.609
2026-02-20,peak,47.922,56.854,89.17,89.17,34.839,61.435,0.5,68.539,False,True,,3.582,-20.631
2026-02-24,peak,21.1,22.196,31.54,42.46,15.34,27.05,0.503,31.725,False,True,,3.854,-10.735
2026-02-25,peak,13.824,3.513,21.23,15.16,10.05,17.723,0.503,14.488,False,True,,13.209,-0.672
2026-02-26,peak,8.566,2.454,14.56,37.61,6.227,10.981,0.499,23.111,False,True,,7.527,-14.499
2026-02-27,peak,50.318,29.816,53.38,52.77,36.581,64.508,0.498,51.548,False,False,,,-1.222
2026-03-03,peak,4.099,11.012,18.76,33.36,2.98,5.254,0.498,18.787,False,True,,-6.758,-14.573
2026-03-04,peak,23.057,70.494,33.42,33.42,16.762,29.559,0.499,28.253,False,True,,-41.936,-5.167
2026-03-05,peak,31.828,47.873,59.57,33.42,23.139,40.804,0.499,32.625,False,True,,-8.069,-0.795
2026-03-06,peak,16.768,10.931,23.83,23.83,12.191,21.497,0.499,20.31,False,True,,9.566,-3.52
2026-03-10,peak,94.302,37.707,41.7,41.7,68.557,120.895,0.498,67.875,True,False,-31.851,,26.175
2026-03-11,peak,23.297,13.594,59.57,41.7,16.937,29.867,0.5,32.495,False,True,,15.274,-9.205
2026-03-12,peak,23.797,35.017,40.51,83.4,17.301,30.508,0.504,53.376,False,True,,-5.509,-30.024
2026-03-13,peak,29.711,43.467,47.66,83.4,21.6,38.09,0.504,56.336,False,True,,-6.377,-27.064
2026-03-14,peak,23.828,31.94,48.49,45.27,17.323,30.547,0.496,34.644,False,True,,-2.393,-10.626
2026-03-17,peak,5.405,1.974,11.91,29.79,3.929,6.929,0.496,17.703,False,True,,3.955,-12.087
2026-03-18,peak,13.041,5.818,13.11,14.3,9.481,16.719,0.497,13.674,False,False,,,-0.626
2026-03-19,peak,10.959,17.128,13.11,14.3,7.968,14.05,0.497,12.641,False,False,,,-1.659
2026-03-20,peak,17.58,19.377,15.49,16.68,12.781,22.538,0.496,17.126,False,False,,,0.446
2026-03-21,peak,41.129,41.572,53.61,29.79,29.901,52.727,0.496,35.415,False,True,,10.154,5.625
2026-03-24,peak,42.751,53.379,39.5,39.5,31.08,54.807,0.497,41.115,False,False,,,1.615
2026-03-26,peak,104.934,200.678,89.36,65.53,76.287,134.526,0.499,85.179,False,False,,,19.649
2026-03-27,peak,25.0,24.717,34.55,47.66,18.175,32.05,0.501,36.313,False,True,,6.333,-11.347
2026-03-28,peak,27.818,14.749,47.36,41.7,20.224,35.663,0.505,34.691,False,True,,19.914,-7.009
2026-03-31,peak,31.129,13.719,29.79,41.7,22.631,39.907,0.509,36.324,False,False,,,-5.376
2026-04-01,peak,50.299,15.643,39.38,50.78,36.567,64.483,0.56,50.51,False,False,,,-0.27
2026-04-02,peak,86.199,16.406,39.38,39.38,62.667,110.507,0.56,65.604,True,False,-47.261,,26.224
2026-04-03,peak,42.09,22.511,54.14,54.14,30.599,53.959,0.56,47.391,False,True,,30.448,-6.749
2026-04-04,peak,23.387,7.382,35.69,35.69,17.002,29.982,0.56,28.803,False,True,,21.6,-6.887
2026-04-07,peak,31.307,7.344,59.07,59.07,22.761,40.136,0.557,43.595,False,True,,31.792,-15.475
2026-04-08,peak,145.363,44.408,73.83,59.07,105.679,186.355,0.541,105.769,True,False,-62.271,,46.699
2026-04-09,peak,81.561,20.276,73.83,61.53,59.295,104.561,0.541,72.367,False,False,,,10.837
2026-04-10,peak,22.867,32.196,36.92,36.92,16.624,29.315,0.541,29.318,False,True,,-3.881,-7.602
2026-04-11,peak,31.803,20.984,29.53,29.53,23.121,40.772,0.543,30.765,False,False,,,1.235
2026-04-14,peak,7.491,2.621,20.92,20.92,5.446,9.604,0.511,14.06,False,True,,5.983,-6.86
2026-04-15,peak,20.012,19.735,20.92,24.61,14.549,25.656,0.503,22.299,False,False,,,-2.311
2026-04-16,peak,116.636,130.626,86.14,73.83,84.794,149.527,0.502,95.339,False,False,,,21.509
2026-04-17,peak,185.693,114.247,123.05,79.99,134.999,238.058,0.503,133.151,True,False,-21.752,,53.161
2026-04-18,peak,26.324,16.966,31.99,31.99,19.137,33.747,0.503,29.14,False,False,,,-2.85
2026-04-21,peak,29.274,22.934,35.69,35.69,21.282,37.529,0.504,32.459,False,False,,,-3.231
2026-04-23,peak,7.274,3.638,9.84,33.22,5.288,9.325,0.521,19.698,False,True,,4.687,-13.522
2026-04-24,peak,12.675,9.937,13.54,49.22,9.215,16.249,0.516,30.366,False,False,,,-18.854
2026-04-25,peak,33.415,13.601,45.98,46.76,24.293,42.838,0.516,39.875,False,True,,28.237,-6.885
2026-05-01,peak,20.378,19.774,42.65,42.1,14.815,26.125,0.516,30.89,False,True,,5.351,-11.21
2026-05-02,peak,40.984,27.965,45.35,34.67,29.795,52.542,0.516,37.93,False,False,,,3.26
2026-05-05,peak,62.446,37.603,69.87,43.21,45.398,80.056,0.517,53.162,False,False,,,9.952
2026-05-06,peak,34.491,19.394,42.9,43.21,25.075,44.218,0.518,38.698,False,False,,,-4.512
2026-05-07,peak,56.087,120.511,29.42,42.9,40.775,71.904,0.517,49.723,True,False,78.736,,6.823
2026-05-08,peak,27.312,8.805,34.32,34.32,19.856,35.014,0.518,30.691,False,False,,,-3.629
2026-05-09,peak,45.591,31.298,89.48,31.87,33.145,58.448,0.517,38.969,False,True,,26.15,7.099
2026-05-12,peak,25.534,28.084,33.1,35.55,18.563,32.735,0.516,30.378,False,True,,3.651,-5.172
2026-05-13,peak,4.418,24.511,31.2,33.1,3.212,5.663,0.528,17.946,False,True,,-19.847,-15.154
2026-05-14,peak,1.532,0.0,31.2,31.2,1.114,1.964,0.535,15.337,False,True,,0.964,-15.863
2026-05-15,peak,2.338,7.05,31.2,31.2,1.7,2.998,0.539,15.642,False,True,,-5.052,-15.558
2026-05-16,peak,1.684,8.508,18.0,28.8,1.224,2.159,0.54,14.162,False,True,,-7.348,-14.638
2026-05-19,peak,11.069,19.038,31.2,31.2,8.047,14.191,0.556,20.008,False,True,,-5.847,-11.192
2026-05-20,peak,11.76,25.664,31.2,31.2,8.55,15.076,0.556,20.386,False,True,,-11.587,-10.814
2026-05-21,peak,37.916,33.769,43.2,31.2,27.565,48.608,0.552,34.909,False,False,,,3.709
2026-05-22,peak,39.987,30.508,51.6,48.0,29.071,51.263,0.686,42.506,False,True,,19.756,-5.494
2026-05-23,peak,19.938,10.607,28.8,28.8,14.495,25.561,0.653,23.015,False,True,,13.954,-5.785
2026-05-26,peak,47.926,25.099,30.0,30.0,34.842,61.441,0.659,41.821,True,False,-10.744,,11.821
2026-05-27,peak,170.744,361.122,43.2,33.6,124.131,218.894,0.669,125.414,True,False,235.992,,91.814
2026-05-28,peak,338.904,534.042,156.0,43.2,246.383,434.475,0.672,241.832,True,False,286.659,,198.632
2026-05-29,peak,191.791,31.478,66.0,72.0,139.432,245.876,0.673,152.577,True,False,-108.955,,80.577
2026-05-30,peak,18.192,5.321,24.0,36.0,13.225,23.322,0.667,24.113,False,True,,17.001,-11.887
2026-06-02,peak,18.785,14.404,25.13,25.13,13.657,24.082,0.897,19.439,False,True,,8.678,-5.691
2026-06-03,peak,55.144,30.095,125.63,125.63,40.09,70.694,1.18,42.446,False,True,,39.599,-83.184
2026-06-04,peak,8.872,18.871,42.71,50.25,6.45,11.374,1.097,4.872,False,True,,-8.496,-45.378
2026-06-05,peak,6.61,9.0,17.59,42.71,4.805,8.474,1.094,3.206,False,True,,-1.526,-39.504
2026-06-06,peak,12.938,13.022,18.84,18.84,9.406,16.586,1.103,12.329,False,True,,2.563,-6.511
2026-06-09,peak,24.737,12.697,28.89,31.41,17.984,31.713,1.107,24.02,False,False,,,-7.39
2026-06-10,peak,17.366,5.546,12.56,28.89,12.625,22.263,1.104,16.163,True,False,-8.079,,-12.727
2026-06-11,peak,22.418,17.742,26.38,26.38,16.298,28.74,1.095,22.041,False,False,,,-4.339
2026-06-12,peak,14.192,14.818,26.38,26.38,10.317,18.194,1.093,13.063,False,True,,2.376,-13.317
2026-06-13,peak,16.984,34.843,22.61,22.61,12.347,21.773,1.096,16.445,False,True,,-14.07,-6.165
2026-06-16,peak,12.875,16.172,30.15,45.23,9.36,16.506,1.098,9.717,False,True,,-0.666,-35.513
2026-06-17,peak,27.777,9.251,37.69,42.71,20.194,35.61,1.098,26.313,False,True,,25.359,-16.397
2026-06-18,peak,35.489,9.76,50.25,50.25,25.801,45.497,1.098,34.047,False,True,,34.737,-16.203
2026-06-19,peak,32.548,21.484,25.13,42.71,23.662,41.726,1.098,31.55,False,False,,,-11.16
2026-06-20,peak,9.727,3.931,17.59,17.59,7.072,12.47,1.097,8.965,False,True,,7.539,-8.625
2026-06-23,peak,35.566,128.726,56.53,36.75,25.857,45.596,1.099,35.449,False,True,,-84.13,-1.301
2026-06-24,peak,24.271,49.386,38.94,32.66,17.645,31.115,1.105,23.386,False,True,,-19.27,-9.274
2026-06-25,peak,18.94,18.526,25.13,31.41,13.769,24.281,1.106,17.622,False,True,,4.755,-13.788
2026-06-26,peak,20.184,19.852,26.38,23.87,14.674,25.876,1.107,19.789,False,True,,5.023,-4.081
2026-06-27,peak,9.847,10.834,23.87,21.36,7.159,12.624,1.111,8.564,False,True,,0.79,-12.796
2026-06-30,peak,12.096,14.874,25.13,25.13,8.794,15.507,1.102,10.763,False,True,,-0.368,-14.367
2026-07-01,peak,15.167,8.798,29.61,47.14,11.027,19.444,1.104,11.848,False,True,,9.646,-35.292
2026-07-02,peak,13.398,21.094,18.51,49.35,9.74,17.176,1.106,9.578,False,True,,-4.918,-39.772
2026-07-03,peak,9.703,5.84,14.81,49.35,7.054,12.439,1.108,5.437,False,True,,5.599,-43.913
2026-07-04,peak,8.143,3.471,37.01,37.01,5.92,10.439,1.108,5.036,False,True,,5.969,-31.974
2026-07-07,peak,25.972,19.964,37.01,49.35,18.881,33.296,1.107,23.474,False,True,,12.331,-25.876
2026-07-08,peak,12.954,13.505,37.01,43.18,9.418,16.608,1.104,9.8,False,True,,2.103,-33.38
2026-07-09,peak,13.86,20.873,33.31,43.18,10.076,17.769,1.138,9.823,False,True,,-4.104,-33.357
2026-07-10,peak,12.941,41.417,18.51,34.55,9.408,16.59,1.149,9.721,False,True,,-25.827,-24.829
2026-07-11,peak,7.666,10.874,14.19,13.57,5.573,9.828,1.193,6.524,False,True,,-2.047,-7.046
2026-07-14,peak,72.689,49.386,45.0,59.22,52.845,93.187,1.192,75.278,True,False,-4.458,,16.058
2026-07-15,peak,66.869,48.49,74.03,59.22,48.614,85.726,1.191,68.326,False,False,,,9.106
2026-07-16,peak,64.324,169.784,59.22,59.22,46.764,82.464,1.19,65.295,False,False,,,6.075
2026-07-17,peak,59.854,60.622,55.52,59.22,43.514,76.733,1.19,59.974,False,False,,,0.754
2026-07-18,peak,18.098,12.891,30.84,30.84,13.157,23.202,1.187,15.712,False,True,,9.311,-15.128
2026-07-21,peak,116.337,68.393,104.87,74.03,84.577,149.144,1.186,124.223,False,False,,,50.193
2026-07-22,peak,112.984,309.472,98.7,111.04,82.139,144.846,1.192,113.357,False,False,,,2.317
2026-07-23,peak,45.182,37.41,68.47,61.69,32.847,57.924,1.192,42.009,False,True,,19.514,-19.681
2026-07-24,peak,30.626,24.478,37.01,39.48,22.265,39.262,1.193,28.92,False,False,,,-10.56
2026-07-25,peak,19.995,20.894,38.25,30.84,14.536,25.633,1.18,18.039,False,True,,3.739,-12.801
2026-07-28,peak,23.837,21.038,24.68,57.99,17.329,30.559,1.189,17.399,False,False,,,-40.591
2026-07-29,peak,36.359,37.646,47.0,43.18,26.433,46.613,1.188,35.074,False,True,,7.966,-8.106
2026-07-30,peak,28.27,24.824,49.35,55.52,20.552,36.242,1.188,23.137,False,True,,10.418,-32.383
2026-07-31,peak,39.88,52.388,56.75,55.52,28.993,51.127,1.217,36.486,False,True,,-2.261,-19.034
2026-08-01,peak,14.014,7.107,41.17,41.17,10.188,17.966,1.214,8.2,False,True,,9.859,-32.97
2026-08-04,peak,60.779,25.914,58.37,63.29,44.186,77.918,1.216,60.236,False,False,,,-3.054
2026-08-05,peak,61.949,31.398,52.23,63.29,45.037,79.418,1.217,61.658,False,False,,,-1.632
2026-08-06,peak,40.884,94.084,49.16,49.16,29.722,52.413,1.221,39.056,False,False,,,-10.104
2026-08-07,peak,35.179,39.982,45.47,49.16,25.575,45.099,1.221,32.088,False,True,,4.117,-17.072
2026-08-08,peak,28.765,25.774,45.55,45.16,20.912,36.877,1.221,25.144,False,True,,10.102,-20.016
2026-08-11,peak,69.682,24.051,56.03,45.55,50.659,89.332,1.222,75.03,False,False,,,29.48
2026-08-12,peak,91.68,44.099,68.47,68.47,66.651,117.534,1.221,96.81,False,False,,,28.34
2026-08-13,peak,92.651,35.196,46.07,48.56,67.357,118.778,1.221,102.413,True,False,-33.162,,53.853
2026-08-14,peak,73.387,50.125,87.15,68.47,53.352,94.082,1.221,74.475,False,False,,,6.005
2026-08-15,peak,47.273,34.954,42.33,44.82,34.368,60.604,1.214,47.798,False,False,,,2.978
2026-08-18,peak,91.928,58.766,74.7,68.47,66.832,117.852,1.206,96.77,False,False,,,28.3
2026-08-19,peak,100.277,72.839,77.5,74.7,72.901,128.555,1.19,105.142,False,False,,,30.442
2026-08-20,peak,107.791,50.037,82.17,99.6,78.364,138.188,1.19,109.348,False,False,,,9.748
2026-08-21,peak,105.991,68.214,84.66,74.7,77.056,135.881,1.191,111.965,False,False,,,37.265
2026-08-22,peak,81.783,147.139,31.13,31.13,59.456,104.846,1.191,91.472,True,False,86.683,,60.342
2026-08-25,peak,62.13,142.515,119.52,62.25,45.168,79.65,1.19,62.107,False,True,,-63.865,-0.143
2026-08-26,peak,49.847,168.467,56.03,56.03,36.239,63.904,1.188,48.686,False,False,,,-7.344
2026-08-27,peak,39.396,20.548,56.03,56.03,28.641,50.505,1.181,36.388,False,True,,28.957,-19.642
2026-08-28,peak,18.016,22.446,56.03,56.03,13.097,23.096,1.196,10.567,False,True,,-0.35,-45.463
2026-08-29,peak,14.471,14.73,24.9,37.35,10.52,18.552,1.196,9.983,False,True,,2.822,-27.367
2026-09-01,peak,63.406,145.716,48.56,47.75,46.096,81.286,1.195,66.455,False,False,,,18.705
2026-09-02,peak,129.051,35.616,47.75,48.56,93.82,165.443,1.198,145.018,True,False,-59.204,,96.458
2026-09-03,peak,21.928,22.268,18.37,47.75,15.942,28.112,1.196,16.862,False,False,,,-30.888
2026-09-04,peak,110.375,24.048,53.87,48.97,80.243,141.501,1.196,122.382,True,False,-57.194,,73.412
2026-09-05,peak,57.364,28.624,44.08,44.69,41.704,73.541,1.221,60.161,False,False,,,15.471
2026-09-08,peak,55.153,15.952,44.08,44.08,40.096,70.706,1.176,57.096,False,False,,,13.016
2026-09-09,peak,14.015,15.707,41.63,44.08,10.189,17.968,1.181,8.568,False,True,,1.261,-35.512
2026-09-10,peak,36.644,18.581,41.63,41.63,26.64,46.978,1.158,35.856,False,False,,,-5.774
2026-09-11,peak,30.087,18.27,34.28,41.63,21.873,38.572,1.158,28.266,False,False,,,-13.364
2026-09-12,peak,44.984,28.686,56.32,41.63,32.703,57.67,1.156,45.507,False,False,,,3.877
2026-09-15,peak,107.118,62.247,91.83,41.63,77.875,137.326,1.155,117.251,False,False,,,75.621
2026-09-16,peak,43.943,29.511,42.85,42.85,31.947,56.335,1.155,44.113,False,False,,,1.263
2026-09-17,peak,57.077,134.742,79.58,42.85,41.495,73.172,1.156,59.294,False,True,,-62.57,16.444
2026-09-18,peak,70.14,39.954,73.46,73.46,50.992,89.92,1.156,69.624,False,False,,,-3.836
2026-09-19,peak,17.748,14.908,37.96,37.96,12.903,22.753,1.139,14.939,False,True,,6.845,-23.021
2026-09-22,peak,52.914,26.378,35.51,37.96,38.468,67.835,1.122,54.732,True,False,-13.091,,16.772
2025-10-17,off,7.155,3.608,11.0,24.0,5.202,9.173,,,False,True,,4.565,
2025-10-18,off,11.331,7.334,15.5,15.5,8.238,14.527,,,False,True,,6.193,
2025-10-21,off,24.754,4.334,19.76,19.76,17.996,31.734,,,False,False,,,
2025-10-28,off,96.13,2.599,18.0,39.0,69.886,123.238,,,True,False,-68.288,,
2025-10-29,off,26.563,0.0,13.5,10.4,19.312,34.054,,,True,False,-20.312,,
2025-10-30,off,15.936,19.199,31.0,55.12,11.586,20.43,,,False,True,,0.231,
2025-10-31,off,34.32,65.692,15.6,15.6,24.95,43.998,,,True,False,39.742,,
2025-11-01,off,4.221,0.0,7.8,35.27,3.069,5.411,,,False,True,,4.411,
2025-11-04,off,90.33,166.101,138.61,91.0,65.67,115.803,,,False,True,,-51.298,
2025-11-05,off,10.859,46.452,17.74,69.31,7.895,13.921,,,False,True,,-33.531,
2025-11-06,off,5.915,9.474,16.63,19.41,4.3,7.583,,,False,True,,-2.891,
2025-11-07,off,30.257,67.905,19.41,19.41,21.997,38.79,,,True,False,44.908,,
2025-11-08,off,27.479,49.908,83.17,66.53,19.977,35.228,,,False,True,,-15.679,
2025-11-11,off,17.383,19.928,18.0,30.5,12.637,22.285,,,False,False,,,
2025-11-13,off,4.239,2.134,36.04,30.5,3.082,5.434,,,False,True,,2.3,
2025-11-14,off,7.321,24.918,15.0,36.04,5.322,9.385,,,False,True,,-16.532,
2025-11-15,off,22.015,29.756,31.5,31.5,16.005,28.223,,,False,True,,-2.533,
2025-11-18,off,59.658,41.364,103.35,41.58,43.371,76.482,,,False,True,,34.118,
2025-11-19,off,50.805,31.175,30.8,42.25,36.935,65.132,,,True,False,-6.76,,
2025-11-20,off,50.578,38.5,20.72,14.0,36.771,64.842,,,True,False,0.729,,
2025-11-21,off,26.701,21.975,16.24,19.6,19.412,34.231,,,True,False,1.563,,
2025-11-22,off,30.628,27.939,14.0,16.8,22.267,39.266,,,True,False,4.672,,
2025-11-25,off,66.695,65.448,75.6,75.6,48.487,85.503,,,False,False,,,
2025-11-26,off,43.552,43.929,75.6,75.6,31.662,55.834,,,False,True,,10.905,
2025-11-27,off,45.845,59.232,86.8,53.2,33.33,58.774,,,False,True,,-1.459,
2025-11-28,off,43.057,48.725,43.12,43.12,31.303,55.2,,,False,False,,,
2025-11-29,off,50.405,34.849,33.6,28.0,36.644,64.619,,,True,False,-2.796,,
2025-12-02,off,12.789,7.984,41.18,38.65,9.297,16.395,,,False,True,,7.411,
2025-12-03,off,47.335,47.82,28.51,31.68,34.412,60.683,,,True,False,12.408,,
2025-12-04,off,5.777,8.959,17.28,19.01,4.2,7.406,,,False,True,,-2.552,
2025-12-05,off,24.902,30.511,30.68,38.02,18.104,31.925,,,False,False,,,
2025-12-06,off,36.449,41.325,30.68,46.61,26.498,46.727,,,False,False,,,
2025-12-09,off,17.439,16.355,25.96,34.22,12.678,22.356,,,False,True,,5.001,
2025-12-10,off,30.257,30.024,23.6,25.96,21.997,38.79,,,False,False,,,
2025-12-11,off,44.741,43.63,41.3,23.6,32.527,57.358,,,False,False,,,
2025-12-12,off,63.355,59.341,138.65,118.0,46.059,81.221,,,False,True,,20.879,
2025-12-13,off,59.687,60.761,40.71,40.12,43.393,76.519,,,True,False,16.369,,
2025-12-16,off,14.883,10.784,14.75,43.07,10.82,19.08,,,False,False,,,
2025-12-17,off,19.111,20.596,17.7,32.45,13.894,24.5,,,False,False,,,
2025-12-18,off,37.498,35.858,32.45,32.45,27.261,48.072,,,False,False,,,
2025-12-19,off,21.4,3.991,20.65,32.45,15.558,27.435,,,False,False,,,
2025-12-20,off,53.77,42.351,24.78,24.78,39.091,68.934,,,True,False,2.26,,
2025-12-23,off,27.891,17.152,29.5,32.45,20.277,35.757,,,False,False,,,
2025-12-24,off,46.155,42.219,32.45,32.45,33.555,59.171,,,True,False,7.664,,
2025-12-25,off,57.566,51.819,32.45,20.65,41.851,73.8,,,True,False,8.968,,
2025-12-27,off,12.054,27.506,17.7,17.7,8.763,15.453,,,False,True,,-13.054,
2025-12-30,off,22.338,16.595,23.6,23.6,16.24,28.638,,,False,False,,,
2026-01-03,off,50.824,48.711,25.35,29.79,36.949,65.156,,,True,False,10.762,,
2026-01-06,off,18.981,19.239,18.38,31.68,13.799,24.333,,,False,False,,,
2026-01-07,off,14.595,8.072,13.94,31.68,10.61,18.71,,,False,False,,,
2026-01-08,off,25.326,15.491,15.84,31.68,18.412,32.468,,,True,False,-3.921,,
2026-01-09,off,27.458,18.636,17.11,22.18,19.962,35.201,,,True,False,-2.326,,
2026-01-13,off,11.576,1.985,15.21,13.94,8.416,14.841,,,False,True,,11.856,
2026-01-14,off,20.227,5.129,9.5,9.5,14.705,25.931,0.624,16.197,True,False,-10.576,,6.697
2026-01-15,off,13.599,3.22,9.5,9.5,9.886,17.434,0.625,12.063,True,False,-7.666,,2.563
2026-01-16,off,18.899,4.026,28.51,25.35,13.74,24.229,0.624,21.326,False,True,,19.203,-4.024
2026-01-20,off,8.47,7.551,24.08,24.08,6.158,10.858,0.624,14.347,False,True,,2.307,-9.733
2026-01-21,off,16.253,9.951,15.84,24.08,11.816,20.836,0.619,19.235,False,False,,,-4.845
2026-01-22,off,64.441,36.106,76.67,76.04,46.849,82.613,0.617,68.88,False,False,,,-7.16
2026-01-23,off,68.047,39.21,57.03,57.03,49.47,87.237,0.619,63.851,False,False,,,6.821
2026-01-27,off,42.786,23.059,22.18,27.25,31.105,54.851,0.621,36.898,True,False,-9.047,,9.648
2026-01-28,off,36.817,30.465,27.0,27.25,26.766,47.2,0.622,33.201,False,False,,,5.951
2026-01-29,off,35.859,20.39,22.0,18.06,26.07,45.972,0.631,29.29,True,False,-6.68,,11.23
2026-01-30,off,36.924,16.245,15.0,18.06,26.844,47.337,0.62,29.753,True,False,-11.599,,11.693
2026-02-03,off,18.809,12.02,18.36,18.36,13.674,24.113,0.613,18.635,False,False,,,0.275
2026-02-04,off,5.412,1.968,11.47,18.36,3.934,6.938,0.614,10.413,False,True,,3.97,-7.947
2026-02-05,off,6.859,13.118,17.21,17.21,4.987,8.793,0.61,10.892,False,True,,-5.324,-6.318
2026-02-06,off,10.158,16.168,13.19,15.49,7.385,13.023,0.604,12.271,False,True,,-4.145,-3.219
2026-02-10,off,20.092,13.46,10.9,17.21,14.607,25.757,0.603,18.949,True,False,-2.147,,1.739
2026-02-11,off,24.609,12.198,13.77,14.34,17.891,31.549,0.605,20.554,True,False,-6.693,,6.214
2026-02-12,off,14.526,10.845,10.9,13.48,10.56,18.622,0.603,14.111,False,False,,,0.631
2026-02-13,off,14.223,8.745,10.9,10.9,10.34,18.234,0.602,12.902,False,False,,,2.002
2026-02-17,off,14.79,13.216,28.68,28.68,10.752,18.961,0.602,20.315,False,True,,4.745,-8.365
2026-02-18,off,21.511,20.714,25.81,31.55,15.639,27.577,0.6,25.523,False,False,,,-6.027
2026-02-19,off,41.397,62.696,43.88,34.42,30.096,53.072,0.601,38.61,False,False,,,4.19
2026-02-20,off,37.488,41.846,42.16,42.16,27.254,48.059,0.601,39.354,False,False,,,-2.806
2026-02-24,off,20.202,18.47,14.91,20.08,14.687,25.899,0.602,20.153,False,False,,,0.073
2026-02-25,off,11.323,2.84,10.04,7.17,8.232,14.517,0.602,9.67,False,False,,,2.5
2026-02-26,off,9.353,3.885,6.88,17.78,6.799,11.99,0.611,12.634,False,False,,,-5.146
2026-02-27,off,32.874,20.109,25.24,24.95,23.899,42.144,0.61,29.784,False,False,,,4.834
2026-03-03,off,2.334,20.571,9.72,17.31,1.697,2.992,0.61,8.171,False,True,,-18.579,-9.139
2026-03-04,off,18.361,68.492,17.31,17.31,13.349,23.539,0.61,17.951,False,False,,,0.641
2026-03-05,off,30.148,35.646,30.86,17.31,21.918,38.65,0.611,25.149,False,False,,,7.839
2026-03-06,off,17.329,13.918,12.34,12.34,12.598,22.216,0.609,15.377,True,False,0.319,,3.037
2026-03-10,off,129.57,31.33,21.6,21.6,94.198,166.109,0.602,86.564,True,False,-63.868,,64.964
2026-03-11,off,22.026,3.361,30.86,21.6,16.013,28.237,0.607,21.859,False,True,,23.876,0.259
2026-03-12,off,7.235,8.406,20.98,43.2,5.26,9.276,0.614,21.113,False,True,,-0.131,-22.087
2026-03-13,off,24.224,28.915,24.69,43.2,17.611,31.055,0.614,31.54,False,False,,,-11.66
2026-03-14,off,34.172,28.532,25.12,23.45,24.843,43.809,0.476,28.551,False,False,,,5.101
2026-03-17,off,2.486,1.1,6.17,15.43,1.807,3.187,0.475,9.277,False,True,,1.087,-6.153
2026-03-18,off,5.93,0.462,6.79,7.41,4.311,7.602,0.487,6.69,False,False,,,-0.72
2026-03-19,off,4.781,3.908,6.79,7.41,3.476,6.129,0.487,6.129,False,True,,1.221,-1.281
2026-03-20,off,12.684,9.745,8.02,8.64,9.221,16.261,0.488,10.614,True,False,-0.476,,1.974
2026-03-21,off,16.234,18.89,27.77,15.43,11.802,20.812,0.489,15.823,False,True,,0.922,0.393
2026-03-24,off,17.655,16.351,20.46,20.46,12.835,22.634,0.489,19.087,False,False,,,-1.373
2026-03-26,off,43.439,52.025,46.29,33.95,31.58,55.689,0.489,38.592,False,False,,,4.642
2026-03-27,off,32.652,31.399,17.9,24.69,23.738,41.86,0.49,28.588,True,False,6.661,,3.898
2026-03-28,off,36.656,66.271,24.53,21.6,26.649,46.993,0.49,28.976,True,False,38.622,,7.376
2026-03-31,off,27.278,23.789,15.43,21.6,19.831,34.971,0.49,24.382,True,False,2.958,,2.782
2026-04-01,off,31.015,15.381,17.25,21.45,22.548,39.761,0.494,26.175,True,False,-8.167,,4.725
2026-04-02,off,29.6,9.624,17.25,17.25,21.519,37.947,0.495,23.366,True,False,-12.895,,6.116
2026-04-03,off,50.13,27.984,23.71,23.71,36.445,64.267,0.51,37.178,True,False,-9.461,,13.468
2026-04-04,off,25.307,11.976,15.63,15.63,18.398,32.444,0.51,20.566,True,False,-7.422,,4.936
2026-04-07,off,14.332,2.94,25.87,25.87,10.419,18.373,0.508,20.005,False,True,,14.433,-5.865
2026-04-08,off,56.577,9.494,32.34,25.87,41.132,72.532,0.505,41.384,True,False,-32.638,,15.514
2026-04-09,off,60.922,22.828,32.34,26.95,44.29,78.102,0.502,43.997,True,False,-22.463,,17.047
2026-04-10,off,21.477,6.9,16.17,16.17,15.614,27.533,0.501,18.827,False,False,,,2.657
2026-04-11,off,24.664,20.466,12.93,12.93,17.931,31.619,0.504,18.845,True,False,1.536,,5.915
2026-04-14,off,7.5,6.482,9.16,9.16,5.453,9.615,0.485,8.354,False,False,,,-0.806
2026-04-15,off,3.961,4.704,9.16,10.78,2.879,5.078,0.474,7.55,False,True,,-0.626,-3.23
2026-04-16,off,39.76,62.238,37.72,32.34,28.906,50.972,0.473,35.848,False,False,,,3.508
2026-04-17,off,235.155,144.222,53.89,35.03,170.958,301.469,0.474,129.929,True,False,-27.735,,94.899
2026-04-18,off,21.239,14.439,14.01,14.01,15.44,27.228,0.474,17.437,True,False,-2.002,,3.427
2026-04-21,off,20.004,18.002,15.63,15.63,14.543,25.645,0.474,17.703,False,False,,,2.073
2026-04-23,off,4.034,2.05,4.31,14.55,2.933,5.172,0.478,9.52,False,False,,,-5.03
2026-04-24,off,7.878,8.335,5.93,21.56,5.727,10.1,0.517,14.487,False,False,,,-7.073
2026-04-25,off,18.503,10.641,22.04,20.48,13.452,23.721,0.517,19.458,False,False,,,-1.022
2026-05-01,off,16.38,4.662,20.45,18.55,11.909,21.0,0.517,17.428,False,False,,,-1.122
2026-05-02,off,20.684,17.032,20.29,16.62,15.038,26.517,0.518,18.724,False,False,,,2.104
2026-05-05,off,48.631,32.082,31.26,19.33,35.355,62.345,0.518,34.509,True,False,-4.272,,15.179
2026-05-06,off,31.38,33.414,19.19,19.33,22.813,40.229,0.518,25.575,True,False,9.601,,6.245
2026-05-07,off,34.238,35.631,13.16,19.19,24.891,43.893,0.519,26.996,True,False,9.74,,7.806
2026-05-08,off,28.187,26.255,15.35,15.35,20.492,36.136,0.519,22.01,True,False,4.763,,6.66
2026-05-09,off,18.957,17.495,40.03,14.26,13.782,24.302,0.519,16.698,False,True,,5.807,2.438
2026-05-12,off,21.393,30.782,14.81,15.9,15.553,27.426,0.519,18.749,True,False,14.23,,2.849
2026-05-13,off,2.567,0.192,15.6,14.81,1.866,3.291,0.52,8.442,False,True,,2.099,-6.368
2026-05-14,off,1.484,0.0,15.6,15.6,1.079,1.903,0.521,8.24,False,True,,0.903,-7.36
2026-05-15,off,1.671,2.916,15.6,15.6,1.215,2.142,0.562,7.775,False,True,,-1.774,-7.825
2026-05-16,off,1.653,13.496,9.0,14.4,1.202,2.119,0.565,7.197,False,True,,-12.377,-7.203
2026-05-19,off,7.603,11.375,15.6,15.6,5.527,9.747,0.56,11.118,False,True,,-2.628,-4.482
2026-05-20,off,12.536,21.545,15.6,15.6,9.114,16.071,0.553,13.905,False,False,,,-1.695
2026-05-21,off,17.867,14.954,21.6,15.6,12.989,22.905,0.547,16.841,False,False,,,1.241
2026-05-22,off,27.999,20.274,25.8,24.0,20.355,35.894,0.549,26.193,False,False,,,2.193
2026-05-23,off,30.453,20.249,14.4,14.4,22.139,39.041,0.558,23.352,True,False,-2.891,,8.952
2026-05-26,off,14.333,15.361,15.0,15.0,10.42,18.376,0.557,14.629,False,False,,,-0.371
2026-05-27,off,27.543,86.248,21.6,16.8,20.024,35.31,0.552,22.734,False,False,,,5.934
2026-05-28,off,90.985,83.799,78.0,21.6,66.146,116.642,0.557,60.243,False,False,,,38.643
2026-05-29,off,88.595,15.986,33.0,36.0,64.408,113.578,0.557,65.303,True,False,-49.422,,29.303
2026-05-30,off,13.729,11.445,12.0,18.0,9.981,17.601,0.553,15.638,False,False,,,-2.362
2026-06-02,off,6.44,3.804,9.75,9.75,4.682,8.256,0.563,7.887,False,True,,3.452,-1.863
2026-06-03,off,16.529,12.226,48.75,48.75,12.017,21.19,0.585,29.889,False,True,,7.964,-18.861
2026-06-04,off,10.916,19.582,16.58,19.5,7.936,13.995,0.559,14.704,False,True,,-6.588,-4.796
2026-06-05,off,10.514,29.44,6.83,16.58,7.644,13.479,0.559,13.186,True,False,20.796,,-3.394
2026-06-06,off,16.834,34.94,7.31,7.31,12.238,21.581,0.557,12.612,True,False,21.702,,5.302
2026-06-09,off,29.328,39.765,11.21,12.19,21.322,37.599,0.563,21.845,True,False,17.443,,9.655
2026-06-10,off,11.303,1.921,4.88,11.21,8.217,14.49,0.561,11.262,True,False,-7.296,,0.052
2026-06-11,off,15.605,2.714,10.24,10.24,11.345,20.006,0.559,13.237,True,False,-9.631,,2.997
2026-06-12,off,22.364,11.593,10.24,10.24,16.259,28.671,0.556,16.976,True,False,-5.666,,6.736
2026-06-13,off,9.118,9.736,8.78,8.78,6.629,11.689,0.561,8.969,False,False,,,0.189
2026-06-16,off,20.926,21.951,11.7,17.55,15.213,26.827,0.562,19.446,True,False,5.738,,1.896
2026-06-17,off,14.973,8.365,14.63,16.58,10.886,19.196,0.562,15.677,False,False,,,-0.903
2026-06-18,off,39.267,15.455,19.5,19.5,28.547,50.34,0.557,30.508,True,False,-14.092,,11.008
2026-06-19,off,36.327,23.272,9.75,16.58,26.41,46.572,0.555,27.545,True,False,-4.138,,10.965
2026-06-20,off,11.805,2.77,6.83,6.83,8.582,15.134,0.555,9.592,True,False,-6.812,,2.762
2026-06-23,off,26.954,26.296,21.94,14.26,19.596,34.556,0.556,21.32,False,False,,,7.06
2026-06-24,off,29.618,23.169,15.11,12.67,21.532,37.97,0.555,22.069,True,False,0.637,,9.399
2026-06-25,off,8.363,3.939,9.75,12.19,6.08,10.722,0.553,10.075,False,False,,,-2.115
2026-06-26,off,10.513,12.78,10.24,9.26,7.643,13.478,0.553,9.953,False,False,,,0.693
2026-06-27,off,9.559,7.298,9.26,8.29,6.949,12.255,0.551,8.99,False,False,,,0.7
2026-06-30,off,7.414,3.992,9.75,9.75,5.39,9.504,0.532,8.508,False,True,,4.512,-1.242
2026-07-01,off,11.512,12.231,12.78,19.72,8.369,14.758,0.53,15.373,False,False,,,-4.347
2026-07-02,off,9.351,13.25,7.99,21.3,6.798,11.988,0.523,15.054,False,False,,,-6.246
2026-07-03,off,8.197,6.534,6.39,21.3,5.959,10.508,0.522,14.459,False,False,,,-6.841
2026-07-04,off,9.933,15.484,15.97,15.97,7.221,12.734,0.522,12.817,False,True,,-3.75,-3.153
2026-07-07,off,14.899,4.435,15.97,21.3,10.832,19.1,0.518,17.985,False,False,,,-3.315
2026-07-08,off,8.805,0.58,15.97,18.64,6.401,11.288,0.516,13.565,False,True,,9.708,-5.075
2026-07-09,off,19.604,14.471,14.38,18.64,14.252,25.132,0.516,19.137,False,False,,,0.497
2026-07-10,off,8.851,5.627,7.99,14.91,6.435,11.347,0.515,11.792,False,False,,,-3.118
2026-07-11,off,8.408,5.779,6.12,5.86,6.113,10.78,0.51,7.159,False,False,,,1.299
2026-07-14,off,17.702,18.008,15.97,25.56,12.869,22.694,0.514,21.52,False,False,,,-4.04
2026-07-15,off,41.606,13.911,31.95,25.56,30.248,53.339,0.514,33.807,False,False,,,8.247
2026-07-16,off,37.6,25.562,25.56,25.56,27.335,48.203,0.512,31.724,True,False,-2.773,,6.164
2026-07-17,off,27.692,16.746,23.96,25.56,20.132,35.502,0.511,26.65,False,False,,,1.09
2026-07-18,off,17.609,3.442,13.31,13.31,12.801,22.574,0.508,15.492,False,False,,,2.182
2026-07-21,off,31.823,22.76,45.26,31.95,23.135,40.797,0.504,31.886,False,True,,17.037,-0.064
2026-07-22,off,31.468,17.478,42.6,47.92,22.877,40.342,0.503,39.641,False,True,,21.864,-8.279
2026-07-23,off,29.075,32.018,29.55,26.62,21.138,37.275,0.503,27.854,False,False,,,1.234
2026-07-24,off,23.86,24.084,15.97,17.04,17.347,30.589,0.503,20.473,True,False,5.737,,3.433
2026-07-25,off,16.039,18.389,16.51,13.31,11.66,20.561,0.504,14.684,False,False,,,1.374
2026-07-28,off,25.248,21.99,10.65,25.03,18.355,32.368,0.507,25.141,True,False,2.635,,0.111
2026-07-29,off,18.084,12.369,17.57,18.64,13.147,23.184,0.505,18.359,False,False,,,-0.281
2026-07-30,off,18.541,17.728,21.3,23.96,13.479,23.77,0.504,21.229,False,False,,,-2.731
2026-07-31,off,21.046,23.36,24.49,23.96,15.301,26.981,0.496,22.514,False,False,,,-1.446
2026-08-01,off,10.933,13.039,18.16,18.16,7.948,14.015,0.498,14.561,False,True,,-0.023,-3.599
2026-08-04,off,30.639,26.131,25.75,27.92,22.275,39.28,0.5,29.279,False,False,,,1.359
2026-08-05,off,26.828,11.499,23.04,27.92,19.504,34.394,0.5,27.374,False,False,,,-0.546
2026-08-06,off,20.572,10.575,21.69,21.69,14.956,26.373,0.5,21.13,False,False,,,-0.56
2026-08-07,off,34.225,25.864,20.06,21.69,24.882,43.877,0.502,27.983,True,False,-0.018,,6.293
2026-08-08,off,23.28,13.176,19.91,19.92,16.925,29.845,0.502,21.606,False,False,,,1.686
2026-08-11,off,34.503,19.224,22.95,19.91,25.083,44.232,0.501,27.22,True,False,-6.86,,7.31
2026-08-12,off,41.475,28.658,28.05,28.05,30.152,53.171,0.502,34.794,True,False,-2.495,,6.744
2026-08-13,off,57.994,33.93,18.87,19.89,42.161,74.348,0.503,39.062,True,False,-9.231,,19.172
2026-08-14,off,47.323,30.289,35.7,28.05,34.404,60.668,0.503,37.749,False,False,,,9.699
2026-08-15,off,49.672,44.602,17.34,18.36,36.112,63.68,0.503,34.104,True,False,7.491,,15.744
2026-08-18,off,45.357,34.712,30.6,28.05,32.974,58.147,0.502,36.743,True,False,0.738,,8.693
2026-08-19,off,43.9,54.42,31.75,30.6,31.915,56.28,0.501,37.263,True,False,21.505,,6.663
2026-08-20,off,48.577,37.33,33.66,40.8,35.316,62.276,0.498,44.676,True,False,1.014,,3.876
2026-08-21,off,48.203,63.529,34.68,30.6,35.044,61.796,0.502,39.439,True,False,27.485,,8.839
2026-08-22,off,24.114,5.51,12.75,12.75,17.531,30.914,0.502,18.453,True,False,-13.021,,5.703
2026-08-25,off,31.156,81.428,48.96,25.5,22.65,39.942,0.504,28.353,False,True,,-42.485,2.853
2026-08-26,off,4.68,1.302,22.95,22.95,3.402,6.0,0.504,13.736,False,True,,3.697,-9.214
2026-08-27,off,2.916,6.385,22.95,22.95,2.12,3.738,0.508,12.768,False,True,,-3.647,-10.182
2026-08-28,off,4.601,13.875,22.95,22.95,3.345,5.899,0.506,13.666,False,True,,-8.976,-9.284
2026-08-29,off,6.771,14.309,10.2,15.3,4.922,8.68,0.505,10.989,False,True,,-6.629,-4.311
2026-09-01,off,15.964,5.24,19.89,21.5,11.606,20.466,0.513,18.661,False,False,,,-2.839
2026-09-02,off,16.555,7.291,21.5,19.89,12.036,21.224,0.518,18.162,False,True,,12.932,-1.728
2026-09-03,off,10.083,5.01,8.27,21.5,7.33,12.926,0.516,15.608,False,False,,,-5.892
2026-09-04,off,55.49,27.806,24.26,22.05,40.341,71.138,0.515,39.268,True,False,-13.535,,17.218
2026-09-05,off,31.309,20.889,19.85,20.12,22.762,40.138,0.587,26.689,True,False,-2.873,,6.569
2026-09-08,off,5.345,1.905,19.85,19.85,3.886,6.852,0.587,11.335,False,True,,3.947,-8.515
2026-09-09,off,8.45,8.131,18.74,19.85,6.143,10.833,0.582,13.221,False,True,,1.702,-6.629
2026-09-10,off,7.85,2.638,18.74,18.74,5.707,10.064,0.576,12.466,False,True,,6.426,-6.274
2026-09-11,off,26.227,19.74,15.44,18.74,19.067,33.623,0.576,23.05,True,False,-0.327,,4.31
2026-09-12,off,33.308,25.722,25.36,18.74,24.215,42.701,0.577,27.142,False,False,,,8.402
2026-09-15,off,49.545,43.471,41.35,18.74,36.019,63.516,0.577,36.515,False,False,,,17.775
2026-09-16,off,40.24,25.53,19.29,19.29,29.254,51.587,0.579,31.42,True,False,-4.724,,12.13
2026-09-17,off,26.367,19.235,35.83,19.29,19.169,33.803,0.579,23.388,False,True,,13.568,4.098
2026-09-18,off,58.424,57.511,33.08,33.08,42.474,74.899,0.58,47.77,True,False,14.037,,14.69
2026-09-19,off,29.603,19.855,17.09,17.09,21.521,37.951,0.583,24.389,True,False,-2.666,,7.299
2026-09-22,off,15.866,10.144,15.99,17.09,11.534,20.34,0.582,16.378,False,False,,,-0.712
