decided,prod,days,hours,fwd,fill,model,settle,gap,bar,pts,mw,pnl_mwh,pnl_usd
2024-10-15,Daily d2 Thu,2024-10-17..2024-10-17,24,65.0,65.0,38.78,36.17,26.22,25,3,10,26.33,6318.0
2024-10-15,Daily d3 Fri,2024-10-18..2024-10-18,24,70.0,70.0,34.16,20.01,35.84,25,3,10,47.49,11396.7
2024-10-17,Thu: weekend Sat-Sun,2024-10-19..2024-10-20,48,55.0,55.0,15.24,19.15,39.76,25,3,10,33.35,16007.4
2024-10-22,Daily d2 Thu,2024-10-24..2024-10-24,24,85.0,55.0,41.13,37.19,43.87,25,3,10,15.31,3675.5
2024-11-11,Next day,2024-11-12..2024-11-12,24,50.0,25.0,17.63,9.99,32.37,25,2,10,12.5,3001.2
2024-12-05,Thu: weekend Sat-Sun,2024-12-07..2024-12-08,48,30.5,30.5,7.46,13.52,23.04,10,2,5,14.48,3476.2
2024-12-09,Daily d4 Fri,2024-12-13..2024-12-13,24,50.0,50.0,21.5,23.79,28.5,10,3,10,23.71,5690.2
2024-12-16,Daily d2 Wed,2024-12-18..2024-12-18,24,54.25,65.0,34.4,17.65,19.85,10,2,5,44.85,5382.4
2024-12-17,BOW Wed-Thu (Tue),2024-12-18..2024-12-19,48,52.5,47.5,37.26,29.63,15.24,10,2,5,15.37,3688.75
2024-12-09,Next week Mon-Fri,2024-12-16..2024-12-20,120,75.0,75.0,38.64,36.47,36.36,10,2,5,36.03,21620.45
2024-12-24,BOW Wed-Thu (Tue),2024-12-25..2024-12-26,48,35.0,40.0,10.59,8.56,24.41,10,3,10,28.94,13892.0
2024-12-23,Daily d3 Thu,2024-12-26..2024-12-26,24,40.0,45.0,15.69,13.31,24.31,10,3,10,29.19,7005.8
2024-12-16,Next week Mon-Fri,2024-12-23..2024-12-27,120,47.25,41.0,11.92,12.38,35.33,10,2,5,26.12,15674.25
2024-12-23,Daily d4 Fri,2024-12-27..2024-12-27,24,40.0,45.0,20.21,14.72,19.79,10,2,5,27.78,3333.8
2024-12-26,Thu: weekend Sat-Sun,2024-12-28..2024-12-29,48,63.5,63.5,38.29,30.87,25.21,10,2,5,30.13,7230.05
2024-12-30,Next day,2024-12-31..2024-12-31,24,66.0,50.0,37.32,39.23,28.68,10,2,10,8.27,1984.7
2024-12-30,Daily d2 Wed,2025-01-01..2025-01-01,24,59.25,61.5,38.33,36.74,20.92,10,2,5,22.26,2670.8
2024-12-31,BOW Wed-Thu (Tue),2025-01-01..2025-01-02,48,61.5,55.25,40.38,76.46,21.12,10,1,5,-23.71,-5690.1
2024-12-30,BOW Tue-Thu (Mon),2024-12-31..2025-01-02,72,61.5,57.67,38.73,64.05,22.77,10,1,5,-8.88,-3197.75
2024-12-30,Daily d3 Thu,2025-01-02..2025-01-02,24,59.25,61.5,40.55,116.17,18.7,10,0,5,-57.17,-6860.9
2024-12-30,Daily d4 Fri,2025-01-03..2025-01-03,24,59.25,61.5,36.23,36.57,23.02,10,2,5,22.43,2691.8
2025-01-02,Thu: weekend Sat-Sun,2025-01-04..2025-01-05,48,55.25,50.0,38.81,38.13,16.44,10,2,5,9.37,2248.9
2025-01-06,Daily d3 Thu,2025-01-09..2025-01-09,24,49.0,45.0,29.31,51.49,19.69,10,1,5,-8.99,-1078.35
2025-01-06,Daily d4 Fri,2025-01-10..2025-01-10,24,50.0,25.0,21.73,10.76,28.27,10,2,5,11.74,1408.35
2024-12-30,Next week Mon-Fri,2025-01-06..2025-01-10,120,59.25,61.5,34.25,34.11,25.0,10,2,5,24.89,14932.05
2025-01-13,Daily d2 Wed,2025-01-15..2025-01-15,24,40.0,30.0,21.42,19.07,18.58,10,1,5,8.43,1011.75
2025-01-13,Daily d3 Thu,2025-01-16..2025-01-16,24,45.0,12.5,12.66,9.36,32.34,10,2,5,0.64,77.3
2025-01-13,BOW Tue-Thu (Mon),2025-01-14..2025-01-16,72,36.67,20.83,15.49,14.57,21.18,10,2,5,3.77,1356.25
2025-01-06,Next week Mon-Fri,2025-01-13..2025-01-17,120,50.0,50.0,28.53,16.66,21.47,10,2,5,30.84,18506.35
2025-01-16,Next day,2025-01-17..2025-01-17,24,75.0,55.0,52.6,31.03,22.4,10,2,10,21.47,5153.5
2025-01-17,Fri: weekend Sat-Sun,2025-01-18..2025-01-19,48,97.5,92.5,77.72,38.99,19.78,10,2,5,51.01,12241.9
2025-01-20,Next day,2025-01-21..2025-01-21,24,36.0,36.0,4.92,14.48,31.08,10,3,20,19.02,9130.4
2025-01-20,Daily d2 Wed,2025-01-22..2025-01-22,24,36.0,36.0,21.64,18.96,14.36,10,2,5,14.54,1745.3
2025-01-21,BOW Wed-Thu (Tue),2025-01-22..2025-01-23,48,36.0,34.0,23.57,20.05,12.43,10,2,5,11.45,2748.65
2025-01-20,BOW Tue-Thu (Mon),2025-01-21..2025-01-23,72,36.0,36.0,14.44,18.19,21.56,10,3,10,15.31,11022.5
2025-01-20,Daily d3 Thu,2025-01-23..2025-01-23,24,36.0,36.0,16.75,21.14,19.25,10,2,5,12.36,1483.35
2025-01-13,Next week Mon-Fri,2025-01-20..2025-01-24,120,60.0,56.0,38.29,21.63,21.71,10,1,5,31.87,19121.15
2025-01-20,Daily d4 Fri,2025-01-24..2025-01-24,24,36.0,36.0,18.15,19.5,17.85,10,2,5,14.0,1680.35
2025-01-23,Thu: weekend Sat-Sun,2025-01-25..2025-01-26,48,30.0,25.0,14.42,17.28,15.58,10,2,5,5.22,1252.75
2025-01-27,Daily d2 Wed,2025-01-29..2025-01-29,24,32.5,26.0,18.19,20.02,14.31,10,2,5,3.48,418.0
2025-01-20,Next week Mon-Fri,2025-01-27..2025-01-31,120,60.0,60.0,21.67,24.07,38.33,10,2,5,33.43,20057.45
2025-01-30,Thu: weekend Sat-Sun,2025-02-01..2025-02-02,48,50.0,47.0,31.8,54.62,18.2,10,1,5,-10.12,-2429.65
2025-02-03,Next day,2025-02-04..2025-02-04,24,150.0,250.0,80.16,202.94,69.84,10,2,10,44.56,10695.3
2025-02-03,Daily d2 Wed,2025-02-05..2025-02-05,24,150.0,150.0,64.47,47.93,85.53,10,2,5,99.57,11947.9
2025-02-03,Daily d3 Thu,2025-02-06..2025-02-06,24,85.0,85.0,54.31,42.97,30.69,10,2,5,39.53,4743.15
2025-02-03,BOW Tue-Thu (Mon),2025-02-04..2025-02-06,72,128.33,161.67,66.32,97.95,62.02,10,2,5,61.22,22038.7
2025-02-03,Daily d4 Fri,2025-02-07..2025-02-07,24,85.0,85.0,70.05,45.19,14.95,10,1,5,37.31,4477.5
2025-02-10,Daily d2 Wed,2025-02-12..2025-02-12,24,175.0,90.0,54.04,38.08,120.96,10,2,5,49.42,5930.8
2025-02-10,BOW Tue-Thu (Mon),2025-02-11..2025-02-13,72,151.67,108.33,72.18,88.41,79.48,10,1,5,17.43,6273.45
2025-02-10,Daily d3 Thu,2025-02-13..2025-02-13,24,180.0,165.0,75.57,48.35,104.43,10,2,5,114.15,13698.0
2025-02-11,BOW Wed-Thu (Tue),2025-02-12..2025-02-13,48,127.5,92.5,57.55,43.21,69.95,10,2,5,46.79,11228.8
2025-02-11,Daily d3 Fri,2025-02-14..2025-02-14,24,165.0,175.0,147.15,45.81,17.85,10,0,5,126.69,15202.75
2025-02-03,Next week Mon-Fri,2025-02-10..2025-02-14,120,75.0,75.0,41.22,70.71,33.78,10,1,5,1.79,1074.5
2025-02-14,Fri: weekend Sat-Sun,2025-02-15..2025-02-16,48,105.0,90.5,77.76,50.72,27.24,10,2,5,37.28,8946.85
2025-02-20,Thu: weekend Sat-Sun,2025-02-22..2025-02-23,48,15.0,16.0,4.96,4.24,10.04,10,2,5,9.26,2221.3
2025-02-24,Daily d2 Wed,2025-02-26..2025-02-26,24,25.0,20.0,11.6,11.78,13.4,10,2,5,5.72,686.8
2025-02-24,Daily d3 Thu,2025-02-27..2025-02-27,24,25.0,10.0,2.29,7.51,22.71,10,3,10,-0.01,-2.5
2025-03-04,Next day,2025-03-05..2025-03-05,24,40.0,40.0,29.85,52.29,10.15,10,2,10,-14.79,-3550.0
2025-03-03,Daily d4 Fri,2025-03-07..2025-03-07,24,32.5,30.0,19.33,18.48,13.17,10,2,5,9.02,1082.35
2025-04-01,Next day,2025-04-02..2025-04-02,24,56.0,63.0,39.28,60.78,16.72,10,0,10,-0.28,-67.0
2025-04-01,BOW Wed-Thu (Tue),2025-04-02..2025-04-03,48,56.0,59.5,39.9,50.06,16.1,10,0,5,6.94,1665.5
2025-04-01,Daily d2 Thu,2025-04-03..2025-04-03,24,56.0,56.0,40.53,39.34,15.47,10,0,5,14.16,1699.0
2025-04-21,Daily d4 Fri,2025-04-25..2025-04-25,24,32.0,32.0,15.57,10.16,16.43,10,1,5,19.34,2321.25
2025-05-05,Daily d2 Wed,2025-05-07..2025-05-07,24,35.0,20.0,9.26,20.4,25.74,10,3,10,-2.9,-695.7
2025-05-05,Daily d3 Thu,2025-05-08..2025-05-08,24,35.0,27.0,11.04,10.21,23.96,10,3,10,14.29,3429.2
2025-05-05,BOW Tue-Thu (Mon),2025-05-06..2025-05-08,72,35.0,25.67,17.32,14.97,17.68,10,2,5,8.2,2952.5
2025-06-04,Daily d2 Fri,2025-06-06..2025-06-06,24,45.0,30.0,11.8,12.31,33.2,10,3,10,15.19,3646.2
2025-06-05,Thu: weekend Sat-Sun,2025-06-07..2025-06-08,48,37.5,45.0,15.29,87.98,22.21,10,3,10,-45.48,-21832.8
2025-06-30,Next day,2025-07-01..2025-07-01,24,59.0,57.0,20.16,27.17,38.84,25,2,10,27.33,6558.5
2025-06-30,Daily d2 Wed,2025-07-02..2025-07-02,24,59.0,57.0,16.18,26.38,42.82,25,2,5,28.12,3374.85
2025-06-30,BOW Tue-Thu (Mon),2025-07-01..2025-07-03,72,59.0,57.0,15.56,23.09,43.44,25,2,5,31.41,11307.15
2025-06-30,Daily d3 Thu,2025-07-03..2025-07-03,24,59.0,57.0,10.33,15.72,48.67,25,3,10,38.78,9306.1
2025-07-01,BOW Wed-Thu (Tue),2025-07-02..2025-07-03,48,57.0,57.0,9.86,21.05,47.14,25,2,5,33.45,8027.9
2025-06-30,Daily d4 Fri,2025-07-04..2025-07-04,24,59.0,57.0,13.77,24.65,45.23,25,3,10,29.85,7164.9
2025-07-07,Next day,2025-07-08..2025-07-08,24,70.0,35.0,13.57,22.88,56.43,25,2,10,9.62,2309.9
2025-07-07,Daily d2 Wed,2025-07-09..2025-07-09,24,70.0,40.0,7.72,18.3,62.28,25,3,10,19.2,4608.4
2025-07-07,BOW Tue-Thu (Mon),2025-07-08..2025-07-10,72,70.0,40.0,13.13,22.21,56.87,25,2,5,15.29,5503.05
2025-07-07,Daily d3 Thu,2025-07-10..2025-07-10,24,70.0,45.0,18.09,25.47,51.91,25,3,10,17.03,4087.8
2025-07-08,BOW Wed-Thu (Tue),2025-07-09..2025-07-10,48,42.5,29.0,16.76,21.88,25.74,25,2,5,4.62,1108.1
2025-07-07,Daily d4 Fri,2025-07-11..2025-07-11,24,70.0,45.0,30.56,25.67,39.44,25,3,10,16.83,4038.8
2025-07-21,Daily d3 Thu,2025-07-24..2025-07-24,24,38.0,35.0,11.61,9.82,26.39,25,2,5,22.68,2721.1
2025-07-21,Daily d4 Fri,2025-07-25..2025-07-25,24,38.0,35.0,12.18,6.71,25.82,25,2,5,25.79,3094.95
2025-07-28,Next week Mon-Fri,2025-08-04..2025-08-08,120,48.0,47.75,18.71,41.19,29.29,25,1,5,4.06,2438.35
2025-08-11,Daily d2 Wed,2025-08-13..2025-08-13,24,45.0,45.0,5.63,8.25,39.37,25,2,5,34.25,4110.5
2025-08-12,BOW Wed-Thu (Tue),2025-08-13..2025-08-14,48,45.0,43.0,19.1,11.08,25.9,25,2,5,29.42,7059.9
2025-08-12,Daily d3 Fri,2025-08-15..2025-08-15,24,45.0,45.0,19.68,10.04,25.32,25,1,5,32.46,3895.3
2025-08-18,Daily d2 Wed,2025-08-20..2025-08-20,24,45.0,50.0,15.96,15.97,29.04,25,3,10,31.53,7567.4
2025-08-19,Daily d2 Thu,2025-08-21..2025-08-21,24,50.0,50.0,16.39,14.05,33.61,25,2,5,33.45,4013.8
2025-08-19,BOW Wed-Thu (Tue),2025-08-20..2025-08-21,48,50.0,38.0,15.21,15.01,34.79,25,2,5,20.49,4917.5
2025-09-18,Next day,2025-09-19..2025-09-19,24,175.0,225.0,134.47,229.69,40.53,25,2,10,-7.19,-1725.0
2025-09-18,Thu: weekend Sat-Sun,2025-09-20..2025-09-21,48,42.0,36.0,15.45,6.16,26.55,25,2,5,27.34,6562.4
2025-09-29,Daily d2 Wed,2025-10-01..2025-10-01,24,60.5,60.0,8.51,6.99,51.99,25,3,10,50.51,12123.0
2025-09-29,Daily d3 Thu,2025-10-02..2025-10-02,24,60.5,60.0,15.34,35.76,45.16,25,3,10,21.74,5217.5
2025-10-03,Fri: weekend Sat-Sun,2025-10-04..2025-10-05,48,57.5,47.5,29.02,23.73,28.48,25,3,10,21.27,10209.9
2025-10-06,Next day,2025-10-07..2025-10-07,24,50.0,26.25,5.54,10.22,44.46,25,3,20,13.53,6494.8
2025-10-06,Daily d3 Thu,2025-10-09..2025-10-09,24,175.0,131.25,131.2,95.97,43.8,25,2,5,32.78,3933.05
2025-10-14,Daily d3 Fri,2025-10-17..2025-10-17,24,46.25,50.0,9.41,17.65,36.84,25,3,10,29.85,7165.1
2025-10-20,Daily d4 Fri,2025-10-24..2025-10-24,24,38.0,38.0,5.68,12.64,32.32,25,3,10,22.86,5486.6
2025-10-20,Next week Mon-Fri,2025-10-27..2025-10-31,120,65.0,59.0,27.53,30.37,37.47,25,3,5,26.13,15678.35
2025-11-03,Next day,2025-11-04..2025-11-04,24,175.0,250.0,97.26,288.6,77.74,25,1,10,-41.1,-9864.9
2025-11-03,Daily d2 Wed,2025-11-05..2025-11-05,24,125.0,125.0,34.41,30.06,90.59,25,2,5,92.44,11092.65
2025-11-03,BOW Tue-Thu (Mon),2025-11-04..2025-11-06,72,111.67,136.67,51.93,134.84,59.74,25,2,5,-0.67,-241.9
2025-11-04,BOW Wed-Thu (Tue),2025-11-05..2025-11-06,48,80.0,33.5,31.1,57.96,48.9,25,3,10,-26.96,-12938.9
2025-11-12,Next day,2025-11-13..2025-11-13,24,55.0,65.0,5.84,3.9,49.16,25,2,10,58.6,14065.1
2025-11-17,Daily d3 Thu,2025-11-20..2025-11-20,24,70.0,65.0,33.46,33.25,36.54,25,3,10,29.25,7021.1
2025-11-17,Daily d4 Fri,2025-11-21..2025-11-21,24,70.0,65.0,14.39,23.83,55.61,25,3,10,38.67,9280.9
2025-12-01,Next day,2025-12-02..2025-12-02,24,61.0,65.0,50.71,26.72,10.29,10,2,10,35.78,8586.1
2025-12-01,Daily d2 Wed,2025-12-03..2025-12-03,24,61.0,50.0,43.37,38.87,17.63,10,2,5,8.63,1035.3
2025-12-01,Daily d3 Thu,2025-12-04..2025-12-04,24,61.0,32.0,34.04,22.76,26.96,10,3,10,6.74,1618.4
2025-12-01,BOW Tue-Thu (Mon),2025-12-02..2025-12-04,72,61.0,49.0,42.71,29.45,18.29,10,2,5,17.05,6137.55
2025-11-24,Next week Mon-Fri,2025-12-01..2025-12-05,120,100.0,107.75,26.88,30.78,73.12,10,3,5,74.47,44679.8
2025-12-01,Daily d4 Fri,2025-12-05..2025-12-05,24,61.0,60.0,38.97,39.63,22.03,10,3,10,17.87,4289.1
2025-12-04,Thu: weekend Sat-Sun,2025-12-06..2025-12-07,48,60.0,59.5,33.08,42.01,26.92,10,3,10,14.99,7195.5
2025-12-08,Daily d2 Wed,2025-12-10..2025-12-10,24,58.0,44.0,29.78,36.26,28.22,10,3,10,5.24,1256.5
2025-12-08,BOW Tue-Thu (Mon),2025-12-09..2025-12-11,72,58.0,44.0,43.92,45.81,14.08,10,1,5,-4.31,-1553.35
2025-12-01,Next week Mon-Fri,2025-12-08..2025-12-12,120,90.0,60.0,33.86,42.39,56.14,10,2,5,15.11,9063.35
2025-12-11,Thu: weekend Sat-Sun,2025-12-13..2025-12-14,48,65.0,68.0,24.15,33.11,40.85,10,2,5,32.39,7773.55
2025-12-15,Next day,2025-12-16..2025-12-16,24,73.0,25.0,23.14,20.95,49.86,10,2,10,1.55,371.2
2025-12-15,Daily d2 Wed,2025-12-17..2025-12-17,24,73.0,55.0,23.08,24.7,49.92,10,2,5,27.8,3336.3
2025-12-16,BOW Wed-Thu (Tue),2025-12-17..2025-12-18,48,55.0,42.5,27.28,25.02,27.72,10,3,10,14.98,7188.5
2025-12-15,Daily d3 Thu,2025-12-18..2025-12-18,24,73.0,55.0,28.02,25.35,44.98,10,3,10,27.15,6515.9
2025-12-15,BOW Tue-Thu (Mon),2025-12-16..2025-12-18,72,73.0,45.0,24.74,23.67,48.26,10,2,5,18.83,6779.85
2025-12-15,Daily d4 Fri,2025-12-19..2025-12-19,24,73.0,55.0,50.27,21.04,22.73,10,2,5,31.46,3775.25
2025-12-08,Next week Mon-Fri,2025-12-15..2025-12-19,120,95.0,91.0,43.0,19.84,52.0,10,2,5,68.66,41198.25
2025-12-22,Next week Mon-Fri,2025-12-29..2026-01-02,120,55.2,55.2,26.03,43.57,29.17,10,3,5,9.13,5476.35
2026-01-01,Thu: weekend Sat-Sun,2026-01-03..2026-01-04,48,50.5,50.5,29.52,48.43,20.98,10,3,10,-0.43,-207.0
2026-01-05,Next day,2026-01-06..2026-01-06,24,50.0,29.0,16.44,13.25,33.56,10,2,10,13.25,3179.4
2026-01-05,Daily d2 Wed,2026-01-07..2026-01-07,24,50.0,50.0,19.26,12.98,30.74,10,2,5,34.52,4142.2
2026-01-05,Daily d3 Thu,2026-01-08..2026-01-08,24,50.0,50.0,25.32,16.8,24.68,10,2,5,30.7,3684.2
2026-01-05,BOW Tue-Thu (Mon),2026-01-06..2026-01-08,72,50.0,43.0,20.34,14.34,29.66,10,2,5,26.16,9416.1
2026-01-08,Thu: weekend Sat-Sun,2026-01-10..2026-01-11,48,40.0,20.0,5.94,5.48,34.06,10,2,5,12.02,2885.2
2026-01-05,Next week Mon-Fri,2026-01-12..2026-01-16,120,50.0,50.0,25.85,9.4,24.15,10,3,5,38.1,22861.2
2026-01-19,Next day,2026-01-20..2026-01-20,24,38.0,38.0,12.44,14.97,25.56,10,3,20,20.53,9852.4
2026-01-20,Next day,2026-01-21..2026-01-21,24,38.0,25.0,23.38,19.35,14.62,10,2,10,3.15,756.8
2026-02-02,Daily d2 Wed,2026-02-04..2026-02-04,24,32.0,32.0,4.56,7.21,27.44,10,3,10,22.29,5348.9
2026-02-04,Next day,2026-02-05..2026-02-05,24,30.0,30.0,18.75,18.7,11.25,10,2,10,8.8,2111.4
2026-01-26,Next week Mon-Fri,2026-02-02..2026-02-06,120,42.9,40.0,22.22,15.46,20.68,10,3,5,22.04,13223.65
2026-02-02,Daily d4 Fri,2026-02-06..2026-02-06,24,32.0,32.0,12.06,14.08,19.94,10,2,5,15.42,1850.85
2026-02-05,Thu: weekend Sat-Sun,2026-02-07..2026-02-08,48,22.5,22.5,9.16,5.96,13.34,10,2,5,14.04,3369.05
2026-02-09,Next day,2026-02-10..2026-02-10,24,30.0,19.0,17.45,15.24,12.55,10,1,10,1.26,303.4
2026-02-09,Daily d3 Thu,2026-02-12..2026-02-12,24,30.0,25.0,15.93,16.3,14.07,10,1,5,6.2,743.6
2026-02-09,Daily d4 Fri,2026-02-13..2026-02-13,24,30.0,25.0,18.19,20.99,11.81,10,1,5,1.51,181.45
2026-02-16,Next day,2026-02-17..2026-02-17,24,50.0,50.0,12.38,12.97,37.62,10,2,10,34.53,8287.8
2026-02-16,Daily d2 Wed,2026-02-18..2026-02-18,24,55.0,55.0,33.48,24.66,21.52,10,2,5,27.84,3341.25
2026-02-16,BOW Tue-Thu (Mon),2026-02-17..2026-02-19,72,56.67,56.67,36.53,34.51,20.14,10,2,5,19.66,7077.15
2026-02-09,Next week Mon-Fri,2026-02-16..2026-02-20,120,48.0,48.0,31.87,34.1,16.13,10,0,5,11.4,6841.3
2026-02-23,Next day,2026-02-24..2026-02-24,24,35.0,26.0,22.99,20.95,12.01,10,1,10,2.55,611.0
2026-02-16,Next week Mon-Fri,2026-02-23..2026-02-27,120,54.8,54.8,29.81,16.0,24.99,10,2,5,36.3,21778.5
2026-03-02,Next day,2026-03-03..2026-03-03,24,28.05,15.75,5.71,14.2,22.34,10,3,20,-0.95,-455.4
2026-02-23,Next week Mon-Fri,2026-03-02..2026-03-06,120,35.75,35.0,14.72,33.65,21.03,10,3,5,-1.15,-691.6
2026-03-02,Daily d4 Fri,2026-03-06..2026-03-06,24,28.05,28.05,6.6,11.93,21.45,10,3,10,13.62,3269.6
2026-03-11,Daily d2 Fri,2026-03-13..2026-03-13,24,90.0,70.0,50.8,38.62,39.2,10,2,5,28.88,3466.05
2026-03-09,Next week Mon-Fri,2026-03-16..2026-03-20,120,40.0,40.0,14.4,8.67,25.6,10,3,5,28.83,17300.65
2026-03-23,Daily d2 Wed,2026-03-25..2026-03-25,24,33.15,33.15,18.65,75.41,14.5,10,1,5,-44.76,-5371.65
2026-03-26,Next day,2026-03-27..2026-03-27,24,40.0,29.0,17.24,26.94,22.76,10,3,20,-0.44,-213.2
2026-03-16,Next week Mon-Fri,2026-03-23..2026-03-27,120,42.0,39.0,17.35,62.86,24.65,10,3,5,-26.36,-15818.7
2026-04-06,Next day,2026-04-07..2026-04-07,24,48.0,48.0,17.18,5.88,30.82,10,2,10,39.62,9509.8
2026-04-07,Daily d3 Fri,2026-04-10..2026-04-10,24,55.0,40.0,33.72,23.76,21.28,10,2,5,13.74,1648.3
2026-04-27,Daily d3 Thu,2026-04-30..2026-04-30,24,60.0,40.0,45.04,66.75,14.96,10,0,5,-29.25,-3509.6
2026-04-27,Daily d4 Fri,2026-05-01..2026-05-01,24,35.0,33.75,23.52,14.74,11.48,10,1,5,16.51,1981.55
2026-05-07,Next day,2026-05-08..2026-05-08,24,28.0,28.0,17.49,14.62,10.51,10,1,10,10.88,2610.8
2026-05-15,Fri: weekend Sat-Sun,2026-05-16..2026-05-17,48,24.0,15.0,13.49,9.73,10.51,10,2,5,2.77,665.8
2026-05-18,Next day,2026-05-19..2026-05-19,24,26.0,26.0,7.56,16.48,18.44,10,2,10,7.02,1683.9
2026-05-18,Daily d2 Wed,2026-05-20..2026-05-20,24,26.0,26.0,11.41,24.29,14.59,10,2,5,-0.79,-94.9
2026-05-28,Thu: weekend Sat-Sun,2026-05-30..2026-05-31,48,30.0,30.0,17.32,3.68,12.68,10,2,5,23.82,5716.5
2026-05-25,Next week Mon-Fri,2026-06-01..2026-06-05,120,36.0,36.0,24.44,14.52,11.56,10,1,5,18.98,11389.9
2026-06-04,Thu: weekend Sat-Sun,2026-06-06..2026-06-07,48,20.0,15.0,8.66,10.85,11.34,10,2,5,1.65,395.1
2026-06-08,Daily d2 Wed,2026-06-10..2026-06-10,24,25.0,23.0,2.9,4.34,22.1,10,3,10,16.16,3878.9
2026-06-08,Daily d3 Thu,2026-06-11..2026-06-11,24,25.0,23.0,12.11,12.73,12.89,10,2,5,7.77,932.1
2026-06-15,Next day,2026-06-16..2026-06-16,24,36.0,24.0,22.42,18.1,13.58,10,2,10,3.4,816.4
2026-06-17,Next day,2026-06-18..2026-06-18,24,40.0,40.0,28.84,11.66,11.16,10,1,10,25.84,6202.0
2026-06-18,Thu: weekend Sat-Sun,2026-06-20..2026-06-21,48,20.0,14.0,6.97,7.03,13.03,10,1,5,4.47,1073.1
2026-06-23,Daily d3 Fri,2026-06-26..2026-06-26,24,26.0,20.0,14.54,17.5,11.46,10,2,5,0.0,0.6
2026-07-02,Next day,2026-07-03..2026-07-03,24,40.0,12.0,11.26,6.07,28.74,25,3,20,3.43,1645.8
2026-06-22,Next week Mon-Fri,2026-06-29..2026-07-03,120,39.15,37.05,8.04,11.12,31.11,10,3,5,23.43,14055.45
2026-07-20,Daily d3 Thu,2026-07-23..2026-07-23,24,125.0,85.0,66.76,35.61,58.24,25,1,5,46.89,5626.5
2026-07-20,Daily d4 Fri,2026-07-24..2026-07-24,24,55.0,50.0,15.54,24.35,39.46,25,2,5,23.15,2778.4
2026-07-20,Next week Mon-Fri,2026-07-27..2026-07-31,120,59.0,55.0,23.69,25.36,35.31,25,2,5,27.14,16285.7
2026-07-30,Thu: weekend Sat-Sun,2026-08-01..2026-08-02,48,33.62,33.62,7.96,6.66,25.67,25,1,5,24.46,5870.9
