o,act,A0,A1,B,sd_act,sd_A0,sd_A1,sd_B,dist_A0,dist_A1,dist_B,day_A1,day_B,mx_act,mx_A1,mx_B
2025-08-02,21.924761904761905,52.45862396754977,87.6917143774309,69.2030140058544,17.655293407654664,26.376227381988734,32.9910891428355,35.893461928050144,30.533862062787858,65.76695247266898,47.2782521010925,65.76695247266898,58.7282059976804,57.84083333333334,125.34106195756233,127.48133271777799
2025-08-04,23.968333333333334,29.832801717293414,63.418271990505836,66.54873080466211,17.431901133638192,14.124782667413402,22.75640101734173,41.19314033342874,9.599979740216128,39.4499386571725,42.58039747132879,42.14122852849487,45.856105312522864,50.305416666666666,92.06358934981938,141.96618351220562
2025-08-06,33.451190476190476,23.96244120848615,61.71357718693769,53.84398229744191,29.885932965322773,6.210496927924808,19.40008432316781,36.65032421598927,18.76071328192793,31.08507562219783,20.392791821251432,37.58932486509525,37.690061434603315,95.38708333333334,85.50767214325617,126.74151369037237
2025-08-08,35.136190476190485,21.134678724153158,48.04225277592979,50.650789286578224,28.827361216107814,4.254978432399093,15.965243376568544,45.05366281754528,18.613433469819398,18.78203642165332,16.672630427356516,27.313626969728585,25.408180401534565,95.38708333333334,74.82117390663431,124.4966270375947
2025-08-10,38.843511904761904,24.560742330716856,51.18630141325365,45.69071255092506,27.999067173606342,13.958275318829967,12.88853170244701,24.736236226383873,14.870405885474915,18.755323264906853,10.703734567350919,23.924530752563577,14.84832019207444,95.38708333333334,75.22495808415964,101.5469725090832
2025-08-12,59.40196428571429,41.03122692040711,60.14144882077271,55.319380025167945,53.87404772420756,51.22786369192389,31.6066624906226,33.00609745477529,25.76832276197095,27.318736141200883,23.01943764620601,32.471077628025675,55.869371131555056,142.08083333333335,134.61519656468533,96.42682219925389
2025-08-14,86.57791666666667,41.913768377385885,56.12939027386921,47.08602402434125,55.22994825613184,56.8445760942712,39.62502869799811,44.738530337185466,50.59081867613537,34.95577887885978,39.491892642325425,34.955778878859775,50.07324290050836,160.13833333333335,150.0852941936814,147.0126010861601
2025-08-16,100.07202380952381,25.342917908790294,52.57134462373385,60.257391871924675,44.143838959438206,12.468819318161966,16.082551162010837,44.37638023597214,74.72910590073353,47.50067918578998,39.81463193759914,59.93855620585487,73.7573397770852,160.13833333333335,84.50256957022718,159.76947743820122
2025-08-18,87.48630952380952,33.5585014579117,53.135576443039966,54.747421702683205,45.314611322693864,32.76229797263626,20.197953079684297,29.611481899388316,53.92780806589782,34.350733080769565,32.73888782112631,38.58952093036323,52.925030724863824,160.13833333333335,91.61456842060106,102.41316682974794
2025-08-20,83.52863095238095,52.443423087493116,63.57555187637973,81.13795878903478,46.244845157665544,39.26503735596835,23.96910087037789,48.82310264133484,31.08520786488784,24.332756992834806,22.909826048644458,42.86143705022233,42.774999727000754,160.13833333333335,105.5891974994621,130.407469897871
2025-08-22,57.20517857142857,42.28456449495635,55.9741334744273,48.74843152534263,36.223401421710655,27.637313306400625,16.432519068436637,35.777102542894525,14.920614076472216,15.650254912916044,10.791933272471768,25.49690239423302,48.63235553823262,134.33874999999998,82.35237399926594,123.46556427853399
2025-08-24,55.2397619047619,42.50946234984514,52.564911989281505,46.634317832663875,37.58739009283471,29.428913379499363,21.719533816936856,26.5620857992576,12.73029955491676,12.68087813608955,16.992544296228047,25.250341057423178,38.085608684477606,134.33874999999998,84.67005621253034,75.80366591132704
2025-08-26,87.10220238095239,30.19201774956923,44.937209742892925,56.641363436769346,132.179575129197,29.178429818400122,25.296658718834536,63.45760817749731,56.91018463138315,48.24208789629353,59.51053935178709,69.47539776655441,102.845055992879,409.92958333333337,100.04386718449139,160.10622491048835
2025-08-28,139.86579545454546,20.40987857867191,43.22845149024183,45.46732587456169,135.81969240267907,10.967438406859799,17.64690813258876,27.98930906036764,119.45591687587356,96.63734396430361,94.39846957998377,98.38049671047919,125.64180553355037,409.92958333333337,68.42294856283455,93.59269407783184
2025-08-30,144.88037878787878,30.323089159400304,57.08112276775523,40.052286268547746,132.57362613252917,22.63835805170502,26.89013537721928,29.77102229396103,114.5572896284785,90.75701641824571,104.82809251933107,99.46703158109722,105.3535070770041,409.92958333333337,106.91761648486671,98.51339094766081
2025-09-01,88.97150974025973,44.41834929578647,62.749288605097895,85.25377381986995,81.83906490284959,46.20180625681099,36.00433365028255,77.26472497268072,44.55316044447326,36.633519493514434,15.134272521860222,64.72305175854656,80.8024566343453,230.45666666666662,135.65670295444764,205.55078804057806
2025-09-03,88.49571428571427,35.44393024389443,56.27151522419869,58.21277978689487,85.85771401995197,27.13263551308054,21.28262120764086,39.77822510288487,54.20932651536246,52.06955601982397,33.567389156878555,78.59595791245651,54.92987443264518,230.45666666666662,99.3113318356738,125.94165762922641
2025-09-05,89.19791666666666,65.36674949991716,72.68254716294823,79.19534420471425,85.15137733823926,22.466229445444508,14.592771080096133,39.29909945324378,52.31088825841017,59.882589797998904,52.096982916314815,75.06650588444715,97.8425610585053,229.6875,106.57835677883305,125.03091172184308
2025-09-07,74.43184523809524,73.29517082046125,77.8382260898741,99.6392954699182,92.80526528316497,25.846240319347498,12.896957899972016,42.94421697299674,63.90329627192021,74.86840220630984,70.98296324282785,89.50874437162156,112.151916060685,229.6875,107.255262546575,145.60315458939158
2025-09-09,57.008452380952384,72.27260575170062,99.08382758159057,105.33229343540249,75.62024431548109,23.96864246000379,18.511799038973802,61.52002243744037,48.74444093624053,69.51406623929483,60.960082484180006,83.67254770547812,81.25260046756955,229.6875,133.65208136470176,185.46065499594536
2025-09-11,72.78999999999999,73.89496866673264,103.47635722787595,109.38245233671044,84.00234191658134,19.477606676333963,17.216300667419592,62.7446238880078,59.561395757652996,73.13026340280302,39.373731423934714,87.27812045598901,98.31511679248145,229.6875,120.99891587405739,219.953023194715
2025-09-13,39.5185119047619,70.15648453321946,111.03663372263198,120.96301392272109,56.969471539091096,16.70081581767034,17.794866945317263,83.78882927348447,51.906028965428554,79.22466199552049,81.44450201795918,82.11153971391806,89.2563228060434,158.83833333333334,131.86544271155682,259.85026113481723
2025-09-15,40.34886904761904,70.47425536041234,101.39771602743636,107.28211161636509,56.451429849291486,17.086681663354863,17.50566831196705,73.85086623108336,50.65203603075487,70.78356548075887,66.93324256874602,73.9994934151448,104.7277778089775,158.83833333333334,124.76681858003792,193.9747838064744
2025-09-17,11.901392857142856,62.126448723621,97.74895590799323,89.23215697432042,14.609476292567225,17.234574234642437,31.309567516972972,66.57947581211918,50.22505586647815,85.84756305085037,77.33076411717757,85.84756305085038,77.33076411717757,45.63958333333333,142.31525289779634,216.03492404391395
2025-09-19,22.31752380952381,63.15842612310769,99.15137450156742,128.71590922986584,18.406975863242412,21.211313407079796,33.9297484249198,79.74316478290763,40.840902313583875,76.83385069204363,106.39838542034202,76.83385069204361,106.39838542034202,45.63958333333333,157.94151894301086,251.3675985545759
2025-09-21,26.558059523809526,65.65687264622657,107.2138801974395,105.08781595597495,16.719786052408743,15.297523584176572,38.40671423366618,84.03736154560357,39.098813122417035,80.65582067362998,78.52975643216543,80.65582067362998,79.29445069512553,45.63958333333333,177.62158198262313,264.340647501319
2025-09-23,40.52716666666667,68.67459246656014,108.61847485835041,111.07908641042515,42.71896700165504,19.40840853838644,32.49373690791419,89.8057244749555,41.95619066184669,68.09130819168375,70.55191974375849,72.18399157780344,75.1863942531659,139.25708333333333,140.6748901758008,274.33591446272254
2025-09-25,56.88327380952381,61.64198660810159,105.18228563884603,115.86334853546191,43.57003137591984,17.049656944209715,19.98649065057711,72.00384008646637,26.31645561383723,50.49717123369232,58.98007472593809,62.83616713776376,69.4354476991776,139.25708333333333,131.56352541803795,254.59096703952162
2025-09-27,53.535357142857144,49.95668501597495,93.13536162302219,98.28778741878418,46.7118334827787,24.042968766436196,28.04163429942855,99.11043610064208,19.596973792746745,42.52142059841518,49.86709520883759,51.52295445454398,91.52226582680443,139.25708333333333,129.03212691945788,253.69705614159741
2025-09-29,37.64583333333333,31.406702851620828,64.0974106792635,71.94118180856586,31.539294888652993,23.30344339282228,31.139953821110367,97.19338547640059,9.298934608286302,26.45157734593017,35.703028350100446,37.23540846782499,66.10757075263024,95.97458333333334,113.50934950398677,305.1992579818432
2025-10-01,40.256726190476186,16.07940281213626,42.34878496576509,41.58465743999638,28.927785764855383,8.589052493920002,14.690502586012826,47.205253382668644,25.77596624581354,12.441607898359667,16.524068670331086,17.54405621971609,30.719712250697178,95.97458333333334,72.98853307586796,145.3447005124091
2025-10-03,34.005476190476195,14.673671725070118,40.43535992088465,55.09215201558302,25.43768024918449,5.489890501966133,10.061218353447979,77.88998562164618,20.83015926311129,15.225224888504,28.92592713069542,22.618008066803288,44.17535222145597,79.79458333333334,55.76279405933841,241.90000465929435
2025-10-05,36.52297619047619,15.238247935088454,44.47899927878468,33.626777543135226,22.915354084085987,5.335593346010019,8.248973200979481,29.095037489568156,21.284728255387733,17.204630548695942,9.168442398065313,25.084588427020464,26.61993742049996,79.79458333333334,54.53394207403101,96.55911431557342
2025-10-07,28.3072619047619,21.851850504639295,54.63755332333276,58.63086150009173,22.054153034391106,8.604279422060891,15.989896390375916,48.87171801376389,7.7409510479604995,26.330291418570855,32.54996394650772,35.70609331673829,57.65972330494848,79.79458333333334,89.01911866775747,143.7212885068983
2025-10-19,25.73849029335054,162.48207814805895,189.13567500371286,223.4956311994604,22.36821605047229,65.16538540310155,29.770284830650603,132.75893698671337,136.7435878547084,163.39718471036235,197.7571409061099,163.39718471036238,197.7571409061099,74.61083333333333,228.77807296650997,373.32157548544274
2025-10-21,83.35110083756823,145.1774192918852,178.0291322346668,219.8121169031503,99.04724502830683,53.82997189558642,24.582732191097268,125.01153437537472,70.32495955360065,114.33428787790184,136.4610160655821,130.30869203700874,197.43374734160972,288.60375,219.8068523171886,364.9023434081241
2025-10-27,82.36797619047618,70.99725859447257,142.39164430084276,145.6710603622842,90.46951729255684,28.023380932829767,29.244376812255204,109.99533930953494,45.65400938449979,93.76795232898306,63.30308417180801,94.84480753470231,82.40054901123722,288.60375,170.49875523484226,369.78970635858076
2025-10-29,49.44936904761905,60.54065443617355,132.3712599793942,148.77239728956397,32.55358305608461,36.5119202858243,22.767536817487347,126.16033462509324,11.914605706964915,82.92189093177514,99.53203500187871,82.92189093177512,102.94613023997395,106.735,163.43866531091786,308.73604246392694
2025-10-31,38.93448809523809,35.75051213300642,92.71344165259119,112.14786484752372,32.208557600322784,15.803702747661157,20.67460753086824,117.18682181083561,14.181376432740706,53.77895355735308,73.21337675228561,58.028787973848026,90.51628425648441,106.735,129.43932298363364,313.1468533900753
2025-11-02,33.36532142857143,28.057972472048686,81.99628203795179,87.09515992937034,19.699322670222266,16.183308160099937,26.109300234377756,78.93630787321534,8.298116058738307,48.63096060938034,54.179753116942365,51.28585167333366,80.4651210915307,61.17249999999999,115.73776724204282,247.74929685465227
2025-11-04,51.9852619047619,23.949768046963577,83.64802350941252,85.40199766572678,39.93762279180836,12.573111180329875,27.244461257548828,84.763551501405,30.451090147181862,35.38327196120475,40.140606988298565,43.60362208381817,67.5326094298609,140.3720833333333,127.35029708539389,247.4647736885038
2025-11-06,62.8220238095238,27.13852338519868,84.54661198025016,79.70334206174981,38.347020431367525,16.316212041540936,26.562254191258926,99.76529263664764,35.683500424325125,27.47670780619213,41.906309878515465,36.24803443462333,72.89798947566875,140.3720833333333,120.23966460920309,300.6588041535215
2025-11-08,54.34136904761904,38.88384004986307,96.02901428496993,69.76592119270119,42.33757833674891,28.417039491143537,25.09720843095557,68.72137227545807,16.924360727994152,44.58897893720772,27.091967579438776,52.213923331819906,82.07815805562925,140.3720833333333,130.21741538383444,204.6088066915113
2025-11-10,56.21690476190476,43.10238178145307,103.5194230031457,129.74925719476624,41.29858782863815,28.334452971251206,23.456467214934086,107.3824493849582,13.810281087491216,47.302518241240946,78.05867546152061,57.96933773230285,81.51748498533014,140.3720833333333,143.53354128449303,277.8300124971516
2025-11-12,38.96625,48.86177684162254,98.92781946647854,125.44674699472581,13.165509254433397,28.885064428411056,23.07766442616045,103.72461065669893,10.666806101184955,59.96156946647853,89.58083690299875,59.96156946647854,101.66440833157021,58.52791666666667,127.22038278331426,284.8874271632132
2025-11-14,49.656011904761904,35.46095208804879,95.37227207081484,81.46146873059409,15.696376012742238,22.390950235073223,24.037108852705348,73.65957081704946,17.112203111243293,45.71626016605295,50.52365681762798,45.71626016605295,64.78710919858038,73.58833333333332,127.76982511077593,195.59462416895016
2025-11-16,51.28232142857143,34.015650903885025,85.9358853764556,97.66338028744144,13.412886649290796,26.48062416627417,30.190261690710265,88.97792639143583,22.417601992709308,34.65356394788415,60.00196393155796,34.65356394788415,77.45363059822463,73.58833333333332,128.2629654993032,255.8629989523412
2025-11-18,44.84488095238095,25.488148881704813,74.45189513935517,75.91658460646697,17.21446124564725,13.736178503315095,25.68530640439728,72.17998165925736,19.356732070676134,29.60701418697422,48.43963089118169,29.60701418697422,66.77748803403884,73.58833333333332,126.1727398171467,177.9945062330793
2025-11-20,34.77529761904762,18.938368998854212,60.64027096708197,68.22608237140612,11.178647987085064,6.349551201564957,14.884810993972224,71.92189448152399,15.836928620193405,25.86497334803435,49.73398752135213,25.86497334803435,53.204820854685465,58.315,79.77942864884295,192.2748697644306
2025-11-22,34.35357142857143,19.935034267430755,61.498619751045695,89.97760943023935,8.640031475158139,10.060813184331108,19.816697027924562,89.04744524121095,14.418537161140668,27.145048322474263,73.16092145958608,29.137730323636692,84.38568336434797,48.35041666666666,93.96606124012798,195.55529927219195
2025-11-24,32.59011904761905,12.854184074642552,43.28426066980671,57.89306270615812,10.343552521047538,4.8629496255852995,15.628381774157768,88.6948662074109,19.73593497297649,10.694141622187662,47.35040942805771,19.363609383917908,56.7724332375815,48.35041666666666,77.05626375856103,267.7773135643459
2025-11-26,36.81428571428571,19.593222747214302,48.70302841418459,60.81286436835326,13.394801066859793,15.15135670903248,23.231075329750098,88.49927499359104,17.22106296707141,12.348623389535005,44.18984484168571,19.71402602943079,47.93091744197404,58.901666666666664,98.27064956030347,269.50726914506726
2025-11-28,42.28440476190475,19.28688511095388,52.787008353458475,71.00030211972813,13.81852034433509,12.077328468153686,22.691182006903404,86.60833498929566,22.997519650950885,12.066061110287178,52.5081253218403,19.728476362874968,64.58479198850698,58.901666666666664,96.76233511229202,246.50078364288098
2025-11-30,39.74178571428571,16.048789093602657,45.600698437664256,48.25674344663103,15.720759465128612,7.068931397473832,17.44734619095065,45.45009477965991,23.692996620683054,10.620848700816472,30.138646479409335,17.40182619896091,36.46245600321886,58.901666666666664,85.67283773703593,112.9861941946802
2025-12-02,33.03642857142857,18.281090895142874,47.5868396742598,56.46675591407971,16.503165555614146,5.684392267642184,15.852064747831786,75.43677663520391,16.38986825495311,14.550411102831228,32.17213867751461,24.394465061586143,52.75302381716091,58.397916666666674,77.62967502473349,236.3434431976854
2025-12-04,28.965714285714284,23.187744716922314,57.19709503285317,69.91927789165445,16.138972492719244,5.615979288888873,12.392462827763492,78.79530454888193,8.600017411019893,28.23138074713889,47.68852826098982,32.58466833019583,65.95519492765649,58.397916666666674,77.28510476245549,204.43354299276174
2025-12-06,22.544761904761906,23.800667312829415,53.46622231641312,71.03613718942903,8.65952303131175,6.6983584779081236,14.127675571936244,76.40581578780125,3.69961080285199,30.921460411651218,51.660058527288285,31.841532866056475,61.637029175807086,38.76625000000001,77.93343966717858,217.5535638792136
2025-12-08,55.77041666666667,22.762525351997194,53.83816014351529,45.49228583048097,48.65423275859338,5.216106199721948,15.549544850703247,37.664602420689,33.00789131466947,30.2545158481364,18.442443178136763,44.429136931116254,53.80816886528344,152.30375,83.86998248098526,126.35378990501336
2025-12-10,60.75041666666666,19.512612936348592,44.99968642488913,44.54925317140783,45.92254444111768,3.0788585636284096,5.5972857920994885,44.27730119047795,41.23780373031808,28.960197529198833,17.256418402946938,34.55353180734796,63.69747918498549,152.30375,55.535547594021544,115.32454607046823
2025-12-12,68.70738095238094,23.875856404456467,47.342264532279124,44.04574023511964,40.87310256852418,1.6265975311009138,8.968147173360455,36.403031329416024,44.83152454792448,23.640105249633574,24.661640717261314,31.007056650394993,42.4776265715508,152.30375,63.5211471898052,116.31595049001324
2025-12-14,55.42160714285715,21.21531835911091,46.27121739720466,44.61218332950081,40.80356363273171,3.316429970953092,11.921113667137222,32.65518129969278,34.20628878374623,16.611003013357184,20.277541337364774,25.630543222451,48.218150989744,152.30375,64.86466047176734,101.79588378332723
2025-12-16,34.268095238095235,15.904473724172108,30.003896307653918,25.023671895613464,13.616132072724694,2.7972939023548484,4.414049849456052,15.469160855328395,18.36362151392313,8.92453827945818,9.376256778097092,12.965944212265175,9.376256778097096,53.96,37.51384237768813,54.42141702465364
2025-12-18,34.89119047619048,17.575234827610277,33.22204352289973,31.547821787368513,20.734141921996592,1.693600659511108,7.115549651220946,25.188394721106917,17.315955648580196,11.689011751033727,7.848311930268372,20.91148046746943,29.324667494261863,77.39958333333333,46.92137418499336,90.46927779666339
2025-12-20,41.67345238095238,20.95322474804696,26.74214730709901,25.06009823480319,24.97006027832708,1.7943878825268147,2.8384792930310163,6.333141464759395,20.741088614896796,18.608834745596248,16.807815587891383,23.10995583684692,23.89277098956052,80.63333333333333,31.134342979430954,38.07357379953309
2025-12-22,93.83279761904761,17.275889617737228,29.479933589998325,27.296027167048035,112.31295369367035,3.1291323709178016,8.892330034983894,10.341027206900328,76.55690800131038,67.58529051674624,66.53677045199957,68.20173320302668,69.3534870762941,363.25874999999996,51.17217346050891,41.539666956275624
2025-12-24,92.0554761904762,19.38478906628017,39.056908605580134,40.970866236431945,113.51747751583873,6.561533336845913,16.801015426814992,46.01966192597976,73.39318791914006,60.32768472750875,51.33217696485956,67.86195694535735,57.17084910766164,363.25874999999996,76.26740326211244,150.34926015292965
2025-12-26,74.36,22.27312552484567,44.00640536023023,32.36419683724493,118.86875853208998,6.926828891170195,13.832934410221974,26.015831314504588,55.463792758888076,53.86172399131186,44.948614476148244,59.64648905644897,67.83758046852871,363.25874999999996,76.21506819256219,92.79596430666497
2025-12-28,62.087738095238095,22.96076293402071,45.69705138443003,30.817335275200303,123.03770047807055,5.689719049977443,12.097723136585262,17.95592860940792,54.50885314855079,67.02013364539756,55.37496589109105,67.02013364539756,68.01301084210992,363.25874999999996,71.32087875328028,59.99995951104904
2025-12-30,11.77357142857143,21.675920812744984,42.839019363670054,51.411802799784496,5.683027854768315,4.860630883947046,11.673673950008164,49.49045376814574,9.902349384173558,31.065447935098632,39.63823137121307,31.065447935098625,41.00873356322375,18.530416666666664,69.44552263390158,148.32457943085322
2026-01-01,8.944583333333334,27.88011733921632,54.697335881178525,39.098274988153705,5.83086220192667,5.580612128448983,13.410535072918313,20.168620811357016,18.93553400588299,45.75275254784519,30.15369165482037,45.75275254784519,31.105566407107226,18.530416666666664,71.415205223775,74.24460567812707
2026-01-03,8.433154761904762,27.27415932553431,49.2738187545747,52.19884319717413,4.911505830867351,5.132774748432731,10.216394568034994,52.46162417028913,18.841004563629554,40.840663992669946,43.765688435269354,40.84066399266995,43.76568843526936,18.530416666666664,59.187671043936575,172.72756502110585
2026-01-05,16.227261904761907,28.098763177410913,43.91473393438754,47.18662493010388,12.661182073208241,6.423194878578048,10.32874907442344,36.602141892483864,12.79563327662066,27.687472029625642,30.95936302534196,29.853833636453526,34.741341263384285,40.69291666666667,55.86198236537887,131.60743969604877
2026-01-07,17.608392857142857,31.137276013914004,49.804006425412744,44.25906530027746,12.02780267438888,9.024769166307292,11.335670129540055,29.506742334236705,13.528883156771144,32.195613568269884,26.650672443134603,33.75645972160245,26.6506724431346,40.69291666666667,72.23500779024728,100.35783695180494
2026-01-09,29.930119047619048,30.684617994052513,47.610869776730055,57.19076712504138,17.172890267933305,7.676866879567504,10.199542570215312,31.744662679929444,9.650798685363979,17.680750729111015,27.26064807742234,22.05714078953877,48.19042036591279,56.065,62.979864715599696,101.23916777279722
2026-01-11,37.26273809523809,28.396762640528834,43.41103987959679,44.02611119347558,17.944861519477694,5.264939752778269,7.823249007517826,36.005719402239365,12.415720387337299,10.759217794188958,13.157117772913892,20.969191433962315,24.860707434652337,66.26875,56.452561841761344,121.8074517523958
2026-01-13,41.93678571428571,28.954189043812658,44.520131733984485,46.76138143737206,14.934607820418872,2.6902478664623306,5.805452299848627,29.413213752380564,14.799786637778169,8.310613514396936,12.673731947976213,15.404800265932234,27.183731947976217,66.26875,56.47927908859254,101.36730200699456
2026-01-15,41.86666666666667,32.50298703695159,48.358240235877375,51.426329439073804,11.353145522014929,5.488300847517906,7.905821454073329,45.94169588083842,9.36367962971508,9.16367073583378,22.693825417917335,15.872913761028979,26.236273429423527,66.26875,56.91640991681927,155.0367932223952
2026-01-19,26.31428571428572,43.942391954320655,60.6241616243229,61.75056893152066,9.555664056528174,4.7801654225590395,4.532142007542478,40.14465798515102,17.628106240034942,34.30987591003719,35.43628321723495,34.30987591003719,39.50638447735234,39.788333333333334,68.47196941571605,130.6191187280552
2026-01-21,19.959821428571427,40.450485322058036,54.16325517779622,54.073188284285706,8.868490928118504,10.26052113372058,11.605271301916666,39.11292672073281,20.490663893486605,34.20343374922479,34.11336685571428,34.20343374922479,37.535163131359695,35.1325,65.21570854045807,133.96882954202633
2026-01-23,17.807202380952383,32.419974351251014,43.360850468372135,39.351956258997646,6.22905814810032,10.820992221743664,13.678679382539208,24.935251794023955,14.612771970298628,25.553648087419752,22.07165563990748,25.553648087419756,22.433334535236984,29.641250000000003,60.59603353571659,91.0977340597462
2026-01-25,12.746785714285716,26.876209342967254,40.07492414320713,39.332353848204484,5.774580533941017,9.437322911704943,13.800155675039154,41.41516530899134,14.129423628681538,27.328138428921413,26.585568133918766,27.328138428921413,26.585568133918766,19.91125,68.0943043211819,138.62504582044713
2026-01-27,14.23904761904762,22.68937350788006,38.16856539495956,30.516305902606273,8.799962559991732,2.6840634970163393,6.123403968266044,20.55750859198891,9.961521737715044,23.929517775911936,16.277258283558655,23.92951777591194,21.022122229328488,32.52125,46.96768718190416,70.60470374524714
2026-01-29,15.513333333333334,24.788581675624535,42.52875877113796,52.249052186764764,8.316174143255562,4.313563830362227,11.241386384619375,49.70147271294463,9.47501428087153,27.015425437804623,36.81133527877257,27.015425437804627,37.10501813998517,32.52125,61.229115022589916,148.62442591967223
2026-02-02,16.309880952380954,23.05065700500302,36.28164406605904,36.64664928703764,2.4299794821040592,4.297399402304429,8.897169182798391,35.04223984948943,6.7407760526220715,19.971763113678083,21.19464313674754,19.971763113678083,23.51071456531896,20.987916666666667,49.5135551206522,118.2948848844503
2026-02-04,16.860714285714288,21.925271773021556,33.90599700258509,43.71912685628103,4.0346942786703925,4.2733768938377406,10.976626391693927,45.40115016215647,5.064557487307269,17.045282716870798,29.528930487102297,17.045282716870798,31.877665257946603,24.65625,55.35840169240483,143.43856754067295
2026-02-06,28.355,19.774811642078756,30.296127142207354,25.594142723094063,20.00344876267074,1.549194009239403,5.222814982049935,13.640010555624272,13.864622898505141,14.98392582890915,9.11389800414111,15.933261515328862,22.946675685214217,65.89999999999999,37.43723373085955,53.85862403029216
2026-02-08,31.678809523809523,19.12573319180458,28.260277342082002,26.878060608841555,19.532171871486543,1.5084074768969078,3.1251309725990684,22.925636516171615,16.05896415483949,14.704809482650534,8.714685881236003,17.70597262659493,15.330127282988112,65.89999999999999,34.70805256462814,78.38038342685564
2026-02-10,34.41178571428571,19.746260778745004,33.715858303712736,28.600722012195472,17.47714868695426,1.6756566228973864,6.369438945676983,19.426566088089373,15.904767828864635,10.109911402628423,6.935587964862174,17.543642182463124,22.492502502430927,65.89999999999999,43.36624148062683,67.36736982778088
2026-02-12,22.363690476190477,31.55119196609061,48.31732618448745,44.31412837989474,16.882258186910672,17.858104335938883,28.893174040079362,40.59056414504667,9.409296032248035,25.953635708296975,21.950437903704263,37.805298851865,34.42568926946591,51.85124999999999,97.86978572869964,139.52666382411323
2026-02-16,24.629345238095237,41.6164013028847,69.83546414188292,59.17619396086967,22.497604359741008,15.61462528393188,21.106390431543918,29.81283124548378,19.64779098537394,45.2061189037877,34.54684872277442,47.9945112299186,40.204027842179485,74.63916666666667,103.63576539436639,108.06268748919881
2026-02-18,33.169761904761906,34.66857562303697,62.894902921918046,53.49561616954187,25.953610535802227,14.38826655760136,24.69416118363266,41.10432625081791,11.237567045230625,29.725141017156137,20.325854264779966,37.415250852641364,37.11961787823491,74.63916666666667,99.00115635254447,116.89954599557446
2026-02-20,36.91446428571429,26.389650613802438,47.09227272591795,35.467420441285064,24.562966805324603,6.535083782178593,15.658096461088663,20.63445708423049,16.04334435493405,11.99496254737998,5.2998950447795865,24.197156726071878,18.478704568589112,74.63916666666667,69.51751224405743,75.62687400813805
2026-02-22,32.661563852813856,33.313637476061004,50.37456829745413,46.31031333610976,23.067297852732203,22.845453190012275,28.774968271960937,32.47148852557842,13.481226117318782,19.354347374033942,13.64874948329591,30.004256566940366,31.826023926535818,69.82708333333333,118.26232541552436,87.8628854894859
2026-02-24,42.092992424242425,73.01362170126707,76.66035887085438,66.81770279241228,25.04812766244422,54.02101287588687,42.42491971272791,57.30262944589139,35.39110546104517,34.567366446611956,28.585892168953826,47.57932230426608,56.77250563346441,73.15083333333332,133.4966269694122,194.0698263888889
2026-02-26,31.05084956709957,78.57296516164003,83.27708914340496,80.68042035060458,24.02026394230885,47.63723611611162,33.755667333830566,63.56186924410128,47.52211559454046,52.22623957630542,49.62957078350502,52.22623957630541,50.976745068026084,73.15083333333332,121.98844149364857,204.88885980139128
2026-03-02,24.78017857142857,51.055371587531795,55.07616843607872,50.235813143628,10.816544444649251,54.53117620341371,40.68540631417348,44.51554957132573,30.49975536472879,30.29598986465015,26.006602626965805,39.600411280476955,37.68432919931974,38.61625,133.9601423706309,131.52653773121816
2026-03-04,19.058869047619048,23.751142863686606,40.76839002327568,45.60486586384229,13.223763673034696,7.891940379557804,17.147964872614562,49.18256223140818,6.2926546787005595,21.709520975656627,28.867629067682945,26.88439985250605,42.74412095938245,38.61625,75.98267439932239,146.63562182989946
2026-03-06,13.933809523809524,26.63885964176364,47.81862124277405,45.81040580713505,9.68073542989988,6.024517586263457,15.135041059737018,44.42925294839255,12.70505011795412,33.88481171896452,31.87659628332553,35.13389018535371,33.94515112105963,30.804166666666664,72.56907507507013,149.6587383869105
2026-03-08,15.790000000000001,26.61868052558602,34.2699016300652,34.49879125474181,12.139258197407838,4.066853307670995,5.423195688850331,22.01048288111094,12.510371319585392,18.479901630065196,18.70879125474181,22.53978270424306,25.276107660892393,34.01166666666666,40.994225374677875,80.02632857012314
2026-03-10,23.02743530020704,25.362197266760802,35.623382648676326,36.81746595231454,12.428140975954442,5.329878674693928,7.756701072930317,26.539125804787318,7.147266495660433,12.595947348469283,13.7900306521075,17.471962913895855,25.455965828305498,41.26913043478261,45.96164515492035,96.62539683124798
2026-03-12,55.11322895100069,22.35776261195208,31.707664413858236,33.38970759475786,45.2501458616308,5.861751391879964,8.391587798799653,20.880145750390575,32.7585943806287,26.247942026661672,24.246166482187725,30.43755204036364,36.21088151399884,151.12708333333333,49.75786959407429,61.67733594467226
2026-03-14,56.35453847481022,23.251841769615407,32.02604478004649,35.124280469698036,44.22569956117797,3.537405082975514,4.9057949079784855,22.918004588699034,33.10269670519481,26.03614646327754,21.230258005112177,30.926085843592826,39.210275444233574,151.12708333333333,40.79653510875858,83.732386055573
2026-03-16,61.820788474810215,22.755006298701016,32.875935582849074,30.246438498564892,41.416588655408376,4.188791486610019,5.668508093543749,17.90804936875001,39.0657821761092,28.94485289196114,31.574349976245323,33.0282989731031,37.19802995396758,151.12708333333333,41.23622795066351,59.8542894748735
2026-03-18,47.69720238095238,24.315270735564507,33.74055335542126,32.87129680622194,43.9550178639747,6.725009356880839,8.361566075445879,15.521417277877635,24.05807261769566,20.156251040741886,18.12449680248616,28.727644530438408,38.67325190310819,151.12708333333333,43.986394767303786,54.98946147807319
2026-03-20,27.755595238095243,20.501341226108416,28.859902586893757,24.773044350461525,13.542237203836644,4.30278398817795,4.881095801935443,11.746275498621713,8.330369531638597,7.5063410826015735,4.877157246911507,14.797178100205702,16.42779880777204,54.785,37.63993462862834,40.705987009780976
2026-03-22,24.93779761904762,26.160557328960568,36.31796937071365,37.01719629179918,15.277782961476134,6.889565648555878,9.087124522698831,21.251326964602615,8.700242775554562,12.581618345893625,12.803902791217071,17.944760084154503,23.626483443839586,54.785,57.37720457661887,68.3155823996219
2026-03-24,17.212142857142855,38.94565376910076,43.95442639988729,40.492283990469005,10.667803007339483,25.749615554898455,15.671237255004739,26.362973039993776,21.733510911957904,26.742283542744442,23.280141133326147,26.742283542744435,28.760397100361917,39.754999999999995,78.73108422441085,98.45374652777777
2026-03-26,20.668630952380955,57.019409557065934,60.10903848483341,60.157661122278796,11.699753975660615,28.354498459151348,15.389091618188873,34.905700516412615,36.35077860468498,39.440407532452454,39.48903016989784,39.440407532452454,40.48168478506511,39.754999999999995,81.43912331983391,112.8366576870668
2026-03-28,22.286845238095236,73.23694665778476,78.85456368171658,94.33305559587885,10.675960283229996,33.49198813184549,15.158658664921798,36.84772119624476,50.95010141968952,56.56771844362133,72.04621035778362,56.567718443621324,72.04621035778362,39.754999999999995,103.1460997875979,144.83881737454746
2026-03-30,29.98125,81.53465855096802,85.0365609538675,83.7036351283622,17.31652427728021,36.551182667765694,16.046173375640052,33.40104533967947,51.55340855096801,55.0553109538675,53.7223851283622,55.0553109538675,58.0097197178386,64.40666666666667,110.87029495525287,149.67386646359606
2026-04-01,27.122261904761903,75.74056174919326,80.67701329751618,78.68282947593805,18.383051488710045,30.844958508304433,12.617133396305569,43.85385153610163,48.618299844431355,53.554751392754284,51.56056757117614,53.554751392754284,57.89296266544976,64.40666666666667,104.90171094422406,148.77885657476534
2026-04-03,53.86190476190477,65.43133281963621,73.97609688846175,78.89896705017192,43.52102381871347,16.68582605154127,8.806256989476648,40.11073083713692,31.192563202509724,39.24840918855275,25.03706228826714,42.54240492492431,56.77953206245434,124.23875000000002,85.78422189831933,141.33067184996335
2026-04-05,47.995000000000005,64.13853854021916,74.69647306627527,79.80752786354974,47.20854032653313,15.276131329089672,8.941423234277275,35.48352850787992,37.68072824627059,44.654569412075666,31.812527863549747,49.96844487943107,40.56202688299585,124.23875000000002,86.8202318043508,126.99276849876514
2026-04-07,43.10309523809525,60.194245750094105,73.31711889900144,73.40092112755711,46.55744135451416,17.847089334440764,9.212258985550946,32.927224233324665,36.692424750127586,48.45929940121224,30.297825889461866,53.49788304112223,33.76323372758449,124.23875000000002,88.39848230171471,127.8355929484972
2026-04-09,26.983620129870125,62.34658563063572,72.43864177360352,71.86020077205714,40.16182778623429,15.933186965493906,9.102576416493097,38.67552760179244,45.33593992585969,57.24918021053845,44.876580642186994,59.67251939092663,44.876580642187,124.23875000000002,82.95919501618233,129.45773875941865
2026-04-11,10.077251082251083,63.746036259852566,68.51555469584217,71.4311163909671,5.7205633421443824,12.329729449531365,7.195638104663868,32.71818704260155,53.66878517760148,58.438303613591096,61.353865308716024,58.438303613591096,61.35386530871603,21.290416666666665,79.56414636401777,122.86401627456218
2026-04-13,15.249002782931354,49.95134417938802,57.77121996761214,58.642072448141185,9.628426680688161,9.758296056884303,7.457165045247168,29.194297119380632,34.702341396456674,42.52221718468079,43.393069665209836,42.52221718468079,44.28487935195819,33.1725,67.04563932526678,105.75611054105836
2026-04-23,30.09348084886128,59.5041717213348,73.81823304552834,73.9441642174877,26.916338963166627,17.082949589031134,13.688317428776141,43.18230134310009,32.61397301685578,44.73989353048131,43.85068336862643,46.50729493719756,46.56790736589363,92.21791666666667,88.6649219983168,158.53253582030314
2026-04-25,30.380119047619043,55.82995568716168,73.01077873916594,72.13468515080176,26.874019311854394,18.683775158493688,12.62495873648847,38.72909941553082,28.58370928328049,42.86751135258994,41.75456610318271,42.86751135258995,41.754566103182704,92.21791666666667,91.38893585301598,133.72963932611546
2026-04-27,29.787380952380946,54.61644946668707,66.69285697510003,71.77785000608584,27.243182442019524,13.50681290201923,11.245408093896721,40.76486633893636,28.87515054415605,39.319874836573256,41.99046905370489,39.319874836573256,41.9904690537049,92.21791666666667,83.76752081817705,147.23315615639297
2026-05-01,13.27172619047619,34.06317099207498,50.79301713566675,47.0311991152542,10.271672962465551,5.855332604445076,4.643067000767704,31.415784858851584,20.79144480159879,37.521290945190565,33.75947292477802,37.521290945190565,33.75947292477802,28.983333333333334,58.44539475823498,115.125703602652
2026-05-03,10.985833333333334,27.928940609351095,40.45225264965744,29.62415990711309,8.675887636990383,14.148319672910764,15.963145732385417,9.197377419996002,16.943107276017763,29.4664193163241,18.63832657377975,29.466419316324103,20.270223287539093,28.983333333333334,59.411591794781884,50.866751260800335
2026-05-05,10.496309523809524,19.61444494249738,31.694268641308327,36.559986296995596,5.737648848350062,9.594801326104161,12.469332120955842,30.153368106848657,9.118135418687855,21.197959117498804,26.063676773186074,21.1979591174988,27.222051756573997,16.48375,50.50071852962041,99.09995081080645
2026-05-07,15.551130952380953,16.5701980582378,28.20922729112301,27.941779449357654,7.424235546379792,5.566865211138162,8.638184691290972,18.78371721337819,2.6501957178037494,12.658096338742059,13.0218188340282,12.658096338742057,18.332753321382665,27.4975,40.204941158293906,56.53565561990251
2026-05-09,19.133214285714285,22.706938788861248,35.14984379182242,27.291928309288185,6.608994981717519,10.973645013195775,12.7372872900927,12.34596111942167,5.176623321287247,16.01662950610814,9.484331036395464,16.01662950610814,11.274748957180195,27.4975,53.47501148968197,43.959832025326506
2026-05-11,38.6402380952381,28.547711797238758,41.49812556406321,38.05848873026235,44.034596289506496,9.471722330222393,8.268243381223195,18.67759342457121,18.603415144712105,29.55667978276589,23.65145455851445,29.55667978276589,31.55534231367226,145.73875,52.29297690120726,61.422906808381576
2026-05-13,74.43678571428572,33.17582273538901,49.39482195722303,49.520905548871276,90.61980554235066,10.366968084946246,11.631884180933882,19.82372423698178,50.99602032995134,56.569528559581116,50.69649500599144,60.66775074364444,69.45096633562102,269.4975,69.9138566104034,77.8154323766915
2026-05-15,125.24839285714286,42.21340585504713,54.66876339723366,59.4796235793337,137.88592896474125,20.764955863188085,13.8990948847459,24.052816808673207,96.1433335166174,100.54247848942747,92.30976087102022,115.48743608694973,121.82523704644142,383.96125,86.32030169388504,97.68720725181903
2026-05-17,122.10380952380953,34.18714319156162,49.46011590293522,50.78487463572117,140.485746592691,11.58849557793036,12.852188488458868,38.527135187602596,102.01859567756385,101.52426822011431,78.40725328346824,114.07495039318688,105.89421672635254,383.96125,70.35359866950563,118.25486590925154
2026-05-19,100.09416666666665,30.053265267228674,44.799882099482964,47.93384922794234,146.77245929056446,11.932200421508258,11.15993588773887,39.51633068479468,89.44239618563233,97.49186506009116,77.36779295285135,102.95444668033431,123.80180459299821,383.96125,65.63227688738986,136.43520007742936
2026-05-21,12.921011904761906,23.73941709580293,38.259124077845684,39.05879878928713,9.643346565328084,12.17073060525243,12.606864831537965,30.127405639917942,11.82112337353478,25.338112173083776,26.137786884525216,25.338112173083776,30.397383826825426,26.31375,67.76316794656859,97.11281792721171
2026-05-23,13.273214285714287,16.187513283816035,27.200829088711078,27.686106235940684,8.477382100477385,2.5031477046544364,5.868367310402348,19.745553310491825,5.698514876056777,13.92761480299679,14.521344798674619,15.766542536107753,17.590128437792877,24.13875,31.602239031115886,64.89714765542848
2026-05-25,14.230833333333335,15.413618615906886,28.163112657080458,26.373553083029638,7.340646924612667,2.329002620690235,5.980822486451181,22.100609232049617,4.294735555453486,13.93227932374713,12.1427197496963,14.545233683488656,16.37210614081908,24.13875,36.00552812066114,77.58854324075538
2026-05-27,12.951964285714286,17.94111481023088,34.3819742802345,23.18342693486746,7.655454662979775,5.467551506206219,9.428767611126881,11.468382971917308,5.038946943199122,21.430009994520216,10.231462649153176,21.43000999452022,11.150184439927283,21.719583333333333,48.05218067571506,42.87450285988319
2026-05-29,11.745357142857143,19.23797773749401,43.39523597208751,40.5381077048159,7.1177898439980645,7.650776985830076,17.90931725297469,32.1335427499767,7.492620594636863,31.649878829230367,28.79275056195875,31.64987882923037,33.18439296755581,21.719583333333333,64.61840617896583,92.02647155137102
2026-05-31,15.639761904761906,16.014177176722487,36.205592393390575,39.00191389441738,7.5576371741181285,6.394372194456035,18.803609456160267,47.699715420141224,2.2485307931717915,20.565830488628666,23.535996703706132,26.86638320118939,33.29881513348833,26.474166666666665,61.3872211469172,151.74530151656163
2026-06-02,18.888333333333332,12.187887378079191,28.19331168615218,21.038166002990863,9.14935506281597,5.3942025746888005,18.945875644562808,18.113712371133026,7.249250494464348,9.304978352818848,8.281763329892273,18.276398077432194,17.39545380608275,34.338750000000005,70.08723766971426,50.83939465627918
2026-06-04,19.394583333333337,11.600065526766373,28.59234692987633,15.718063168732408,8.328088531070573,4.8051327926926595,17.87923817206574,6.658709236671301,7.79451780656696,9.197763596543,3.6765201646009267,19.33029798296818,8.293013224629513,34.338750000000005,63.672827473984086,25.27087742874919
2026-06-06,17.309940476190476,13.998765730937842,30.262896264131772,26.775894820742163,9.497934595415902,3.8704543970854886,12.7275660111851,21.79848620144901,5.254831114298426,12.952955787941294,10.22908482148092,19.093926472565098,23.372356716263393,34.338750000000005,56.545750130387226,64.87792702245275
2026-06-08,12.033154761904765,15.924404409661204,38.95927546615601,42.65405380114806,5.716557834488923,2.9372401055362807,9.650100049435299,33.47266275078172,4.133983156548688,26.92612070425125,30.6208990392433,26.92612070425125,31.34219970952853,22.080416666666668,53.117126461181535,104.77356337407791
2026-06-10,27.48678571428572,15.695686998908357,37.25130032549633,35.47352636031379,29.626219620024475,1.9331215024305608,8.553086242313183,19.70476935021646,18.09422945779195,21.776891559046984,18.51026821588339,25.77615233607038,38.85725223531207,94.58291666666668,52.53959734923939,57.750570172173106
2026-06-12,27.118154761904766,14.915971745540217,38.45352518445894,60.857305264722115,29.650810366660473,1.8936516002967512,8.496807311053686,48.943524554270596,17.133201556040206,23.217574927784117,33.844274220366366,30.258590210668764,44.11810825724713,94.58291666666668,52.99520089836187,137.38547678766338
2026-06-14,26.693214285714287,12.662250256987585,28.1178340954697,28.869149235263563,29.967668324003693,3.2146046156471555,10.709006069902813,26.829269259806228,16.52954978294058,17.288793097384072,5.4858831445161895,22.136468972854548,13.116873322736211,94.58291666666668,42.41907267849062,90.46839307680825
2026-06-16,14.859404761904761,11.951030685811975,25.56703405616713,27.7171153173554,11.456080250037303,3.891683749362719,12.884837694463293,35.526771173015064,5.203227138734422,10.70762929426237,15.21745956392915,14.460462597980182,25.73693475899134,40.64666666666667,54.154037104466376,110.9139851445281
2026-06-18,11.161130952380955,9.779233248307694,16.46170552856622,14.14238556346651,5.26199311227271,3.3818264364301007,5.884257467710103,9.361586228064985,2.7796276047693667,5.300574576185268,5.21216165124519,7.827206154550264,6.664383850097269,18.479583333333334,27.30133289240058,32.033971178925874
2026-06-20,9.217678571428573,7.572192492789824,13.28979647843765,9.155399555676023,4.847537333252723,1.3725614090144884,3.0186273024174426,4.6256091386408364,2.9937422437138754,4.103186131211247,1.018236138254848,5.977607795365661,5.35187592487739,18.479583333333334,18.370844548625744,16.756144778639626
2026-06-22,12.780654761904762,8.134579865769037,14.23897351112112,12.267765233046575,5.7073894981669895,1.5899253056775962,5.431306666501059,7.923190933792855,4.648592328902546,1.4583187492163583,2.6090755093685507,3.5484218493802246,2.9235357863076183,23.361666666666665,25.205053994724704,26.811109151242434
2026-06-24,13.179940476190477,10.091526884927706,20.514198664360954,14.60383142539193,5.773970753762623,3.4892353520077104,10.061805903884702,8.448955873220646,3.1655232315248583,7.3342581881704785,3.3519406012713864,9.27666032814009,6.347186265933256,23.361666666666665,35.75089569687424,31.86910799994197
2026-06-26,16.562142857142856,10.328440382387898,22.151711002878077,13.158554050994919,7.285056392934965,3.1053320977070706,9.782149275613161,7.103793823499296,6.233702474754959,5.58956814573522,3.6817159703504383,10.976431284768212,8.773473743656057,29.48708333333333,40.20047728438286,23.350295161112275
2026-06-28,16.38958333333333,9.985351409404768,19.199431577565377,14.392903422543984,7.300835113408231,3.2262447921439397,8.290350751950795,12.186852445851757,6.404231923928565,2.809848244232046,5.675250504573241,8.759475039583508,9.875012409335143,29.48708333333333,32.730105146626045,37.400725216943776
2026-06-30,20.58791666666667,10.302171091549459,21.097433059390394,11.387976244683724,11.057300840843602,4.910462297040366,13.103363686134388,7.236177598860197,10.285745575117206,4.909507180304309,9.199940421982944,9.942542795871926,11.031722303654862,38.92666666666667,50.21348383459281,26.952375243399246
2026-07-02,39.264761904761905,16.166598549246817,31.993559127998516,35.84682663474957,35.405287496098744,15.235648051566306,28.084361333406278,51.277919406156435,23.098163355515087,8.97648180853236,15.273003317120144,9.801099072509231,15.709784612142846,121.71,96.56963123031728,157.76261066634473
2026-07-04,41.70404761904762,13.585741042392524,33.898733136679105,20.14654012521419,35.15089828417249,3.723229274123804,13.781772003908259,11.64080820816731,28.118306576655097,12.103937578169425,21.557507493833423,21.16087226755852,23.22397517337162,121.71,54.193455273685366,42.78425641026437
2026-07-06,39.796190476190475,12.828518507169523,29.771287577076354,23.772154474247486,36.204836496461965,2.867653268453253,10.767409976871454,20.984450130392414,27.18826028228936,15.500013236538473,16.024036001942992,17.636290831868912,28.667143105346003,121.71,46.40363825032321,70.60138038408316
2026-07-08,66.8579761904762,14.476098831679263,34.71507311263667,18.402475367373484,69.6134519392213,4.227215977160781,14.79486114423217,13.08276388002226,52.84543981515461,39.192090458198,48.57813850023063,39.19209045819802,51.31655833553844,212.14083333333335,58.78221401454982,49.137707978934735
2026-07-10,51.465476190476195,12.541406135205616,27.3749737184348,31.211921222773004,67.19191906265847,2.8617344212123372,11.042893728640822,42.18035457171965,39.72701900923653,31.490836863353184,20.25355496770319,39.980289256171545,51.023830868742856,212.14083333333335,52.82345470233105,132.0426323203055
2026-07-12,54.65904761904762,12.499050093034354,25.228351036478802,19.696249195750628,65.3368931597878,2.268866196470954,6.5672599141162324,10.21399826198187,42.15999752601327,30.35744012883984,34.962798423296995,35.832513129094764,40.373567479568464,212.14083333333335,33.82696974548442,35.90102503028348
2026-07-14,49.26619047619048,12.426096716054383,23.41968636431659,15.094943414613839,66.83390045271666,2.394458698133726,6.877952313528905,6.311772543005557,36.84009376013609,28.011088270268903,34.17124706157664,31.87600456300783,36.386398435406505,212.14083333333335,33.65418185738217,25.372947415135652
2026-07-16,21.255535714285713,12.725349892360024,24.259752558346634,22.391237672063905,5.08690180034015,2.036534496200556,7.031418001127868,17.676387231168118,8.530185821925693,3.7394502894746773,9.349477800810003,7.126453108567353,12.063607575901,29.220416666666665,38.71954039827337,63.09686334874039
2026-07-18,22.31125,15.109875827106341,27.68339359836124,27.62109900792709,10.493914232196603,3.0119818724576928,8.619589520575303,20.620148907924236,8.514057813407904,5.372143598361235,8.280129815588557,14.759478609513806,22.616556906199882,42.711666666666666,45.11285528332106,65.67933319910651
2026-07-20,22.382321428571426,11.86297111317465,17.42680690946707,14.949526662258545,11.918163989466606,2.2393911821364365,3.9221131547887285,7.704122423143177,11.804748530751109,7.775785159285584,7.441658109225612,10.836867594302849,12.014765511973904,42.711666666666666,21.875231545497133,24.340143832044777
2026-07-22,22.40732142857143,13.458326734272683,20.63249975190368,19.94141586667618,11.742130788710526,1.680233154773549,4.3757432255718385,8.436372983185118,11.490459753166801,6.941959503285689,3.8153227138915153,10.681041521322117,6.904223695755568,42.711666666666666,26.67172396108028,32.23014759625086
2026-07-24,27.60065476190476,15.218727668145865,24.615428890782987,20.27046618975756,18.71454471982406,3.324279450463634,7.968406363746338,11.22573885899008,15.267050740935508,9.493277269500563,8.256640594638878,17.41607345790934,19.04707691041548,66.24749999999999,42.926814756305525,42.069179703007244
2026-07-26,32.32738095238095,13.754465395343487,21.06378665728321,20.987464825811724,14.395853996460744,2.441448535760649,3.48741652028156,16.826323408263523,18.572915557037465,11.263594295097741,11.339916126569225,11.607290337550426,21.226279327382667,66.24749999999999,25.967519481917737,59.36685453618039
2026-07-28,31.37547619047619,15.350179269880229,22.372447047888137,23.470920866329358,14.8374149705186,2.721596192218519,5.209149209864792,18.527584408206668,16.02529692059596,9.284261233201033,7.904555324146829,10.803215107641345,16.745110259780038,66.24749999999999,29.73070708383125,66.21777560804956
2026-07-30,28.905952380952378,23.93509955875811,33.53911933296744,40.56281611482178,6.628265493932019,10.894706155568384,14.077859742556079,35.44779897648757,8.020313256435742,6.066323295585972,17.28502525927549,9.042612761266552,23.19487704491768,38.95166666666666,64.25426032013912,122.06370653285695
2026-08-01,32.453452380952385,30.24150122059359,45.81833487550109,62.28180624036255,7.785696486345607,11.453228775160417,18.5935278910183,43.940559052274374,4.585247778844159,13.3648824945487,33.65101319697803,15.798377265841415,38.14482272078756,43.51291666666666,71.74775366466604,144.0861703049804
2026-08-03,37.39494047619048,30.249891885301533,50.91822950045988,50.98074828899935,6.971019410990141,6.2344462100523,12.697219749438437,42.517334394546914,7.145048590888941,13.523289024269408,24.965656688392386,13.523289024269408,29.24463391785566,45.67374999999999,68.60463746198192,146.93388331206768
2026-08-05,45.40255952380953,39.81599329174242,62.6897882254972,69.6093406365935,10.016702867250396,14.629768438597235,15.29827819799242,36.358044237139886,7.54321528637535,17.287228701687678,33.27075460850604,17.28722870168768,37.91146889422032,66.69916666666667,92.35839689074386,115.71206684749241
2026-08-07,50.28357142857143,48.074276566251726,67.21953200814171,74.22593751487857,11.153135344767744,17.63480941951366,18.467950994531606,29.739091611460267,5.688576768386482,17.577024917652963,27.32621911452871,17.577024917652963,35.39831076813881,66.69916666666667,91.2767838731151,113.27132264695331
2026-08-09,56.031011904761904,52.88570558845662,73.50525481281332,88.22282685820785,23.722968737639917,12.419174560908358,7.020305073734367,41.47493516549456,8.730950813444249,22.04010619122757,35.721844472386486,26.5267445448306,38.062723961634106,99.92958333333333,83.9490618422168,145.77132449676594
2026-08-11,83.16095238095238,35.80110518055349,61.18665360593027,69.84658515177755,45.856950714748514,6.907654172291755,6.228850295616317,35.9839245341674,50.52224358535326,34.63149503883011,13.828129888177642,38.29426042836617,59.142577733624826,164.17874999999998,70.98721113357506,117.11316580460561
2026-08-13,85.45696428571429,32.81260812133837,57.73173927295761,78.22532400959595,51.30506867804817,5.526222957698732,9.681750954254479,50.60942171066135,58.052538395808874,43.653709501160726,12.208632848215268,57.11645977913713,66.62644564444827,164.17874999999998,67.81934890105155,141.92684480659736
2026-08-15,66.54220238095238,25.417715503281126,42.077779258754006,49.65032087702643,59.42435869728043,7.3445035629273825,15.415683789564527,48.874422574967525,45.62562097704832,40.63714124403507,20.623895600258884,46.72640832073656,80.25999076180354,164.17874999999998,62.160087219763604,147.74245405891628
2026-08-17,54.35416666666665,19.874038598979165,30.420033220112057,36.725248669731755,47.6617857255851,5.455449388981231,11.341331851225112,28.179462334788962,37.42167710859883,34.0338538088546,20.146577759650143,34.58312320214542,46.056080605844734,122.15249999999999,44.33584885080584,84.97470254681515
2026-08-19,38.66375,28.478316583207608,34.9201813837556,48.3958222094587,35.75646095879203,24.08046429819233,22.79097397330432,41.814135156889456,12.548440337109641,12.628147934556617,10.97450840098213,29.555924278438397,34.02717377338676,98.89083333333333,84.55148772424621,125.98987490853251
2026-08-21,39.57797619047619,22.928808295493912,37.651507373427805,44.66907829831937,35.31006014076264,6.675629504337411,14.357384379971398,40.95819195672607,20.03334118468212,21.004534335027028,6.35467755686214,27.835274927851806,48.53844151065339,98.89083333333333,58.6344136942998,126.43933166465389
2026-08-23,44.825178571428566,24.806222844765593,37.35518248635924,40.81994206075977,31.672926444150445,5.215535833481437,14.156109048047561,34.780390079427605,20.115374986230286,15.284707356603073,10.318837156103546,27.141554759447768,25.01497838394563,98.89083333333333,60.50508564811023,116.59095795636615
2026-08-25,21.7575,22.987807686207834,35.79604692774267,40.60804410670318,6.6241545619584,4.723211313225382,11.760207934307791,29.869678579214405,1.7098826084636045,14.038546927742676,20.556438398304863,18.58007854324009,26.199652684019146,31.020833333333332,55.36500878806032,88.71342348957803
2026-08-27,19.437380952380952,21.20598962049542,34.26396793430233,33.13278219582278,7.251834410490692,4.876172167797007,12.879222982851628,22.39995799698318,3.139517115348837,14.82658698192138,16.53363910881591,20.098506555086477,25.54669196731306,31.020833333333332,55.87798037826536,72.07671271630015
2026-08-29,18.739107142857144,20.949571589179186,33.93809594505033,39.29020778147723,7.1250722442333325,4.920637045150155,11.698507689035566,29.016714283635995,3.6585718543704053,15.198988802193188,21.905138369691194,19.95212815092461,26.24586283794685,31.020833333333332,53.71540748499823,95.83419522755753
2026-08-31,16.83107142857143,23.483866400367823,38.92988138416174,47.67139584898153,5.28367439120532,5.0589525139847895,11.756797965637029,44.56191472985961,6.652794971796392,22.09880995559031,31.086581469475284,23.38106994701352,34.44035206828492,27.698333333333334,59.57081232085519,124.40499048539345
2026-09-02,25.362619047619052,23.831318540096188,39.12913292127657,50.97320849088889,13.647791750986238,7.155591361465968,15.69053305703565,42.41095519520829,5.178120645256434,13.766513873657528,25.610589443269834,17.784551171169806,25.70790501900873,55.98833333333334,69.04083013226041,140.18579206856074
2026-09-04,41.079702380952384,21.84696691055206,38.71020265053212,24.14126524243374,26.257752904333497,3.8702733825695184,11.716516058040844,10.712625605646258,19.738608396338588,11.327667552865396,16.938437138518644,18.818479475018915,29.136978158293648,96.24000000000001,58.579471182964,40.974725513430435
2026-09-06,38.56916666666667,21.904306156713194,40.841613602097446,35.08921258851953,28.083585797932596,2.4090111888903283,7.371575696558368,31.09170483042599,21.171667074633977,19.28106900990208,8.459310288419529,20.582760650238402,33.47499883848044,96.24000000000001,49.449638050953524,108.28814176858089
2026-09-08,32.926547619047625,22.04824464639685,40.062698458376346,45.120481991822466,28.14489616158044,2.4960068059095,6.898436391480325,30.656874118193876,16.91627614018194,21.268677855964995,12.193934372774844,22.63431798453571,43.811592454059955,96.24000000000001,47.762896630835336,99.23430787826526
2026-09-10,27.70071428571428,21.770375401222275,42.373359448770216,57.36259140647972,15.117545010633375,1.5506706973189417,3.6286612720246096,41.77981420983997,12.47940815599696,15.169661712398598,29.661877120765432,16.00036114794667,47.34839633377546,48.123333333333335,46.939299214757426,117.4052085239155
2026-09-12,23.476964285714285,22.634634209046105,45.7167696399957,66.59691772002354,13.57625017394092,2.867016298893673,11.138425771672745,49.52258490415371,9.713135184643017,22.23980535428142,43.11995343430926,22.239805354281412,51.60648669508212,48.123333333333335,63.910022511527444,170.33276300525822
2026-09-14,28.82166666666667,22.42571301669106,44.602165180479744,51.13582304675547,11.239954906916834,3.059923381850275,8.713782095031393,42.09153306848782,8.034234196494962,15.780498513813074,27.686834106725833,17.344840554201806,43.583913741396636,48.123333333333335,56.81085329640593,118.75036950520735
2026-09-16,28.275119047619047,23.18545999749094,41.545285354286634,46.79370107803495,12.476316714305907,3.7857267765836093,11.115858740300851,40.46646838532117,8.611298320669393,13.270166306667587,21.330112356967227,15.409975683865175,33.63841835885795,48.123333333333335,58.00659287171808,127.53352926503233
2026-09-18,34.983163265306125,21.237082375140847,37.92496468617934,43.020665917760034,25.58331761678396,3.393539909283916,10.427502174819756,36.04271875274656,15.617907224210503,14.693375050026273,10.148194264794299,18.84583471387952,17.047296939398077,93.32125,52.19074229796428,103.67964657402104
