card,bucket,lead,days,settle_minus_model,sell_pnl_per_mwh,sell_win_pct,note
day of week,Mon,d1,97,1.08,-5.03,69.1,"replay Oct 2024-Sep 2026, StormVista + corrected thermal; sell P&L = forward settle minus daily settle"
day of week,Tue,d1,97,-5.9,-3.05,69.1,"replay Oct 2024-Sep 2026, StormVista + corrected thermal; sell P&L = forward settle minus daily settle"
day of week,Wed,d1,96,-9.31,3.45,71.9,"replay Oct 2024-Sep 2026, StormVista + corrected thermal; sell P&L = forward settle minus daily settle"
day of week,Thu,d1,97,-2.46,-5.98,59.8,"replay Oct 2024-Sep 2026, StormVista + corrected thermal; sell P&L = forward settle minus daily settle"
day of week,Fri,d1,96,-17.95,9.69,72.9,"replay Oct 2024-Sep 2026, StormVista + corrected thermal; sell P&L = forward settle minus daily settle"
day of week,Sat,d1,96,-6.06,3.59,67.7,"replay Oct 2024-Sep 2026, StormVista + corrected thermal; sell P&L = forward settle minus daily settle"
day of week,Sun,d1,95,-7.74,3.65,68.4,"replay Oct 2024-Sep 2026, StormVista + corrected thermal; sell P&L = forward settle minus daily settle"
day of week,Mon,d2-3,191,-1.93,-4.29,69.6,"replay Oct 2024-Sep 2026, StormVista + corrected thermal; sell P&L = forward settle minus daily settle"
day of week,Tue,d2-3,192,-7.78,-3.69,68.2,"replay Oct 2024-Sep 2026, StormVista + corrected thermal; sell P&L = forward settle minus daily settle"
day of week,Wed,d2-3,194,-13.21,6.85,71.6,"replay Oct 2024-Sep 2026, StormVista + corrected thermal; sell P&L = forward settle minus daily settle"
day of week,Thu,d2-3,193,-6.91,-3.08,63.2,"replay Oct 2024-Sep 2026, StormVista + corrected thermal; sell P&L = forward settle minus daily settle"
day of week,Fri,d2-3,193,-19.67,7.12,69.9,"replay Oct 2024-Sep 2026, StormVista + corrected thermal; sell P&L = forward settle minus daily settle"
day of week,Sat,d2-3,193,-6.99,2.25,65.8,"replay Oct 2024-Sep 2026, StormVista + corrected thermal; sell P&L = forward settle minus daily settle"
day of week,Sun,d2-3,192,-11.18,4.44,66.7,"replay Oct 2024-Sep 2026, StormVista + corrected thermal; sell P&L = forward settle minus daily settle"
day of week,Mon,d4-7,386,-5.99,-3.92,69.7,"replay Oct 2024-Sep 2026, StormVista + corrected thermal; sell P&L = forward settle minus daily settle"
day of week,Tue,d4-7,385,-7.89,-3.02,65.7,"replay Oct 2024-Sep 2026, StormVista + corrected thermal; sell P&L = forward settle minus daily settle"
day of week,Wed,d4-7,384,-12.4,3.74,72.1,"replay Oct 2024-Sep 2026, StormVista + corrected thermal; sell P&L = forward settle minus daily settle"
day of week,Thu,d4-7,384,-7.0,-2.02,66.4,"replay Oct 2024-Sep 2026, StormVista + corrected thermal; sell P&L = forward settle minus daily settle"
day of week,Fri,d4-7,385,-17.79,7.04,71.2,"replay Oct 2024-Sep 2026, StormVista + corrected thermal; sell P&L = forward settle minus daily settle"
day of week,Sat,d4-7,385,-9.18,5.42,70.1,"replay Oct 2024-Sep 2026, StormVista + corrected thermal; sell P&L = forward settle minus daily settle"
day of week,Sun,d4-7,387,-12.07,7.08,68.0,"replay Oct 2024-Sep 2026, StormVista + corrected thermal; sell P&L = forward settle minus daily settle"
day of week,Mon,d8-13,575,3.82,-4.87,69.7,"replay Oct 2024-Sep 2026, StormVista + corrected thermal; sell P&L = forward settle minus daily settle"
day of week,Tue,d8-13,576,-0.01,-1.51,68.6,"replay Oct 2024-Sep 2026, StormVista + corrected thermal; sell P&L = forward settle minus daily settle"
day of week,Wed,d8-13,577,-3.4,2.47,70.4,"replay Oct 2024-Sep 2026, StormVista + corrected thermal; sell P&L = forward settle minus daily settle"
day of week,Thu,d8-13,578,2.14,-2.28,65.1,"replay Oct 2024-Sep 2026, StormVista + corrected thermal; sell P&L = forward settle minus daily settle"
day of week,Fri,d8-13,564,-5.67,7.52,71.3,"replay Oct 2024-Sep 2026, StormVista + corrected thermal; sell P&L = forward settle minus daily settle"
day of week,Sat,d8-13,574,-3.22,7.69,72.5,"replay Oct 2024-Sep 2026, StormVista + corrected thermal; sell P&L = forward settle minus daily settle"
day of week,Sun,d8-13,573,-7.34,10.72,72.3,"replay Oct 2024-Sep 2026, StormVista + corrected thermal; sell P&L = forward settle minus daily settle"
temp anomaly,< -6C,d1,90,-7.85,-1.97,66.7,"replay Oct 2024-Sep 2026, StormVista + corrected thermal; sell P&L = forward settle minus daily settle"
temp anomaly,-6..-2,d1,116,-14.69,6.76,69.8,"replay Oct 2024-Sep 2026, StormVista + corrected thermal; sell P&L = forward settle minus daily settle"
temp anomaly,-2..+2,d1,202,-7.61,-0.99,65.3,"replay Oct 2024-Sep 2026, StormVista + corrected thermal; sell P&L = forward settle minus daily settle"
temp anomaly,+2..+6,d1,139,-0.92,-2.92,65.5,"replay Oct 2024-Sep 2026, StormVista + corrected thermal; sell P&L = forward settle minus daily settle"
temp anomaly,> +6C,d1,105,-1.96,4.67,79.0,"replay Oct 2024-Sep 2026, StormVista + corrected thermal; sell P&L = forward settle minus daily settle"
temp anomaly,< -6C,d2-3,177,-5.87,-3.3,65.5,"replay Oct 2024-Sep 2026, StormVista + corrected thermal; sell P&L = forward settle minus daily settle"
temp anomaly,-6..-2,d2-3,230,-16.37,6.85,67.8,"replay Oct 2024-Sep 2026, StormVista + corrected thermal; sell P&L = forward settle minus daily settle"
temp anomaly,-2..+2,d2-3,406,-13.57,0.06,63.8,"replay Oct 2024-Sep 2026, StormVista + corrected thermal; sell P&L = forward settle minus daily settle"
temp anomaly,+2..+6,d2-3,280,-5.4,-2.48,66.1,"replay Oct 2024-Sep 2026, StormVista + corrected thermal; sell P&L = forward settle minus daily settle"
temp anomaly,> +6C,d2-3,209,0.51,6.25,80.4,"replay Oct 2024-Sep 2026, StormVista + corrected thermal; sell P&L = forward settle minus daily settle"
temp anomaly,< -6C,d4-7,347,-6.12,-8.62,62.5,"replay Oct 2024-Sep 2026, StormVista + corrected thermal; sell P&L = forward settle minus daily settle"
temp anomaly,-6..-2,d4-7,458,-19.58,5.44,69.2,"replay Oct 2024-Sep 2026, StormVista + corrected thermal; sell P&L = forward settle minus daily settle"
temp anomaly,-2..+2,d4-7,813,-14.92,0.85,62.7,"replay Oct 2024-Sep 2026, StormVista + corrected thermal; sell P&L = forward settle minus daily settle"
temp anomaly,+2..+6,d4-7,571,-3.19,-0.63,69.2,"replay Oct 2024-Sep 2026, StormVista + corrected thermal; sell P&L = forward settle minus daily settle"
temp anomaly,> +6C,d4-7,413,0.07,12.81,88.4,"replay Oct 2024-Sep 2026, StormVista + corrected thermal; sell P&L = forward settle minus daily settle"
temp anomaly,< -6C,d8-13,503,12.22,-12.13,60.4,"replay Oct 2024-Sep 2026, StormVista + corrected thermal; sell P&L = forward settle minus daily settle"
temp anomaly,-6..-2,d8-13,676,-10.05,7.88,71.6,"replay Oct 2024-Sep 2026, StormVista + corrected thermal; sell P&L = forward settle minus daily settle"
temp anomaly,-2..+2,d8-13,1219,-5.2,1.35,64.5,"replay Oct 2024-Sep 2026, StormVista + corrected thermal; sell P&L = forward settle minus daily settle"
temp anomaly,+2..+6,d8-13,845,4.2,-1.54,68.8,"replay Oct 2024-Sep 2026, StormVista + corrected thermal; sell P&L = forward settle minus daily settle"
temp anomaly,> +6C,d8-13,604,-4.45,18.71,91.9,"replay Oct 2024-Sep 2026, StormVista + corrected thermal; sell P&L = forward settle minus daily settle"
load vs temp-adjusted base,< -300,d1,62,4.69,-5.59,54.8,"replay Oct 2024-Sep 2026, StormVista + corrected thermal; sell P&L = forward settle minus daily settle"
load vs temp-adjusted base,-300..-100,d1,140,-13.07,5.3,74.3,"replay Oct 2024-Sep 2026, StormVista + corrected thermal; sell P&L = forward settle minus daily settle"
load vs temp-adjusted base,-100..100,d1,230,-8.43,0.48,64.3,"replay Oct 2024-Sep 2026, StormVista + corrected thermal; sell P&L = forward settle minus daily settle"
load vs temp-adjusted base,100..300,d1,133,-2.07,-1.5,69.2,"replay Oct 2024-Sep 2026, StormVista + corrected thermal; sell P&L = forward settle minus daily settle"
load vs temp-adjusted base,> +300,d1,67,-6.49,0.82,79.1,"replay Oct 2024-Sep 2026, StormVista + corrected thermal; sell P&L = forward settle minus daily settle"
load vs temp-adjusted base,< -300,d2-3,118,-2.84,-6.59,57.6,"replay Oct 2024-Sep 2026, StormVista + corrected thermal; sell P&L = forward settle minus daily settle"
load vs temp-adjusted base,-300..-100,d2-3,299,-10.79,1.95,65.9,"replay Oct 2024-Sep 2026, StormVista + corrected thermal; sell P&L = forward settle minus daily settle"
load vs temp-adjusted base,-100..100,d2-3,449,-13.38,2.07,68.8,"replay Oct 2024-Sep 2026, StormVista + corrected thermal; sell P&L = forward settle minus daily settle"
load vs temp-adjusted base,100..300,d2-3,266,-2.59,0.62,67.3,"replay Oct 2024-Sep 2026, StormVista + corrected thermal; sell P&L = forward settle minus daily settle"
load vs temp-adjusted base,> +300,d2-3,133,-8.38,2.08,75.9,"replay Oct 2024-Sep 2026, StormVista + corrected thermal; sell P&L = forward settle minus daily settle"
load vs temp-adjusted base,< -300,d4-7,321,10.16,-12.78,49.5,"replay Oct 2024-Sep 2026, StormVista + corrected thermal; sell P&L = forward settle minus daily settle"
load vs temp-adjusted base,-300..-100,d4-7,572,-9.89,-1.11,64.9,"replay Oct 2024-Sep 2026, StormVista + corrected thermal; sell P&L = forward settle minus daily settle"
load vs temp-adjusted base,-100..100,d4-7,787,-12.09,2.7,73.8,"replay Oct 2024-Sep 2026, StormVista + corrected thermal; sell P&L = forward settle minus daily settle"
load vs temp-adjusted base,100..300,d4-7,547,-14.24,8.48,75.1,"replay Oct 2024-Sep 2026, StormVista + corrected thermal; sell P&L = forward settle minus daily settle"
load vs temp-adjusted base,> +300,d4-7,288,-12.35,8.39,76.4,"replay Oct 2024-Sep 2026, StormVista + corrected thermal; sell P&L = forward settle minus daily settle"
load vs temp-adjusted base,< -300,d8-13,767,29.99,-21.71,49.3,"replay Oct 2024-Sep 2026, StormVista + corrected thermal; sell P&L = forward settle minus daily settle"
load vs temp-adjusted base,-300..-100,d8-13,749,-2.78,3.35,66.9,"replay Oct 2024-Sep 2026, StormVista + corrected thermal; sell P&L = forward settle minus daily settle"
load vs temp-adjusted base,-100..100,d8-13,859,-3.67,5.25,74.2,"replay Oct 2024-Sep 2026, StormVista + corrected thermal; sell P&L = forward settle minus daily settle"
load vs temp-adjusted base,100..300,d8-13,700,-12.49,12.12,80.9,"replay Oct 2024-Sep 2026, StormVista + corrected thermal; sell P&L = forward settle minus daily settle"
load vs temp-adjusted base,> +300,d8-13,593,-18.78,17.64,83.8,"replay Oct 2024-Sep 2026, StormVista + corrected thermal; sell P&L = forward settle minus daily settle"
tightest cushion,< 400,d1,77,-28.16,-24.36,46.8,"replay Oct 2024-Sep 2026, StormVista + corrected thermal; sell P&L = forward settle minus daily settle"
tightest cushion,400-800,d1,105,-10.17,-8.37,61.0,"replay Oct 2024-Sep 2026, StormVista + corrected thermal; sell P&L = forward settle minus daily settle"
tightest cushion,800-1500,d1,213,-4.08,1.34,64.8,"replay Oct 2024-Sep 2026, StormVista + corrected thermal; sell P&L = forward settle minus daily settle"
tightest cushion,> 1500,d1,279,-1.92,10.96,79.9,"replay Oct 2024-Sep 2026, StormVista + corrected thermal; sell P&L = forward settle minus daily settle"
tightest cushion,< 400,d2-3,153,-37.2,-17.8,52.9,"replay Oct 2024-Sep 2026, StormVista + corrected thermal; sell P&L = forward settle minus daily settle"
tightest cushion,400-800,d2-3,220,-13.48,-10.82,57.7,"replay Oct 2024-Sep 2026, StormVista + corrected thermal; sell P&L = forward settle minus daily settle"
tightest cushion,800-1500,d2-3,427,-12.23,4.27,67.2,"replay Oct 2024-Sep 2026, StormVista + corrected thermal; sell P&L = forward settle minus daily settle"
tightest cushion,> 1500,d2-3,548,1.51,9.4,76.6,"replay Oct 2024-Sep 2026, StormVista + corrected thermal; sell P&L = forward settle minus daily settle"
tightest cushion,< 400,d4-7,226,-47.98,-12.23,57.5,"replay Oct 2024-Sep 2026, StormVista + corrected thermal; sell P&L = forward settle minus daily settle"
tightest cushion,400-800,d4-7,368,-18.86,-12.63,56.5,"replay Oct 2024-Sep 2026, StormVista + corrected thermal; sell P&L = forward settle minus daily settle"
tightest cushion,800-1500,d4-7,884,-14.26,2.54,69.3,"replay Oct 2024-Sep 2026, StormVista + corrected thermal; sell P&L = forward settle minus daily settle"
tightest cushion,> 1500,d4-7,1218,2.09,8.78,74.7,"replay Oct 2024-Sep 2026, StormVista + corrected thermal; sell P&L = forward settle minus daily settle"
tightest cushion,< 400,d8-13,205,-60.84,4.75,63.9,"replay Oct 2024-Sep 2026, StormVista + corrected thermal; sell P&L = forward settle minus daily settle"
tightest cushion,400-800,d8-13,462,-31.97,-0.55,63.9,"replay Oct 2024-Sep 2026, StormVista + corrected thermal; sell P&L = forward settle minus daily settle"
tightest cushion,800-1500,d8-13,1245,-0.42,-0.01,72.1,"replay Oct 2024-Sep 2026, StormVista + corrected thermal; sell P&L = forward settle minus daily settle"
tightest cushion,> 1500,d8-13,2105,9.49,5.0,70.6,"replay Oct 2024-Sep 2026, StormVista + corrected thermal; sell P&L = forward settle minus daily settle"
morning ramp pct,< 50,d1,674,-6.89,0.87,68.4,"replay Oct 2024-Sep 2026, StormVista + corrected thermal; sell P&L = forward settle minus daily settle"
morning ramp pct,< 50,d2-3,1348,-9.68,1.38,67.9,"replay Oct 2024-Sep 2026, StormVista + corrected thermal; sell P&L = forward settle minus daily settle"
morning ramp pct,< 50,d4-7,2696,-10.33,2.05,69.0,"replay Oct 2024-Sep 2026, StormVista + corrected thermal; sell P&L = forward settle minus daily settle"
morning ramp pct,< 50,d8-13,4017,-1.94,2.8,70.0,"replay Oct 2024-Sep 2026, StormVista + corrected thermal; sell P&L = forward settle minus daily settle"
evening ramp pct,< 50,d1,674,-6.89,0.87,68.4,"replay Oct 2024-Sep 2026, StormVista + corrected thermal; sell P&L = forward settle minus daily settle"
evening ramp pct,< 50,d2-3,1348,-9.68,1.38,67.9,"replay Oct 2024-Sep 2026, StormVista + corrected thermal; sell P&L = forward settle minus daily settle"
evening ramp pct,< 50,d4-7,2696,-10.33,2.05,69.0,"replay Oct 2024-Sep 2026, StormVista + corrected thermal; sell P&L = forward settle minus daily settle"
evening ramp pct,< 50,d8-13,4017,-1.94,2.8,70.0,"replay Oct 2024-Sep 2026, StormVista + corrected thermal; sell P&L = forward settle minus daily settle"
evening wind vs normal,< 50%,d1,151,-11.13,-14.13,53.6,"replay Oct 2024-Sep 2026, StormVista + corrected thermal; sell P&L = forward settle minus daily settle"
evening wind vs normal,50-80%,d1,113,-8.57,-5.57,56.6,"replay Oct 2024-Sep 2026, StormVista + corrected thermal; sell P&L = forward settle minus daily settle"
evening wind vs normal,80-120%,d1,111,-6.11,2.4,71.2,"replay Oct 2024-Sep 2026, StormVista + corrected thermal; sell P&L = forward settle minus daily settle"
evening wind vs normal,> 120%,d1,164,-1.86,14.2,84.8,"replay Oct 2024-Sep 2026, StormVista + corrected thermal; sell P&L = forward settle minus daily settle"
evening wind vs normal,< 50%,d2-3,365,-24.2,-12.42,48.5,"replay Oct 2024-Sep 2026, StormVista + corrected thermal; sell P&L = forward settle minus daily settle"
evening wind vs normal,50-80%,d2-3,212,-15.1,-3.49,65.6,"replay Oct 2024-Sep 2026, StormVista + corrected thermal; sell P&L = forward settle minus daily settle"
evening wind vs normal,80-120%,d2-3,194,-1.96,1.79,71.1,"replay Oct 2024-Sep 2026, StormVista + corrected thermal; sell P&L = forward settle minus daily settle"
evening wind vs normal,> 120%,d2-3,307,0.95,15.43,85.7,"replay Oct 2024-Sep 2026, StormVista + corrected thermal; sell P&L = forward settle minus daily settle"
evening wind vs normal,< 50%,d4-7,486,-29.07,-14.76,47.5,"replay Oct 2024-Sep 2026, StormVista + corrected thermal; sell P&L = forward settle minus daily settle"
evening wind vs normal,50-80%,d4-7,602,-15.09,-3.49,61.5,"replay Oct 2024-Sep 2026, StormVista + corrected thermal; sell P&L = forward settle minus daily settle"
evening wind vs normal,80-120%,d4-7,506,-6.29,4.13,73.1,"replay Oct 2024-Sep 2026, StormVista + corrected thermal; sell P&L = forward settle minus daily settle"
evening wind vs normal,> 120%,d4-7,562,3.19,14.24,84.2,"replay Oct 2024-Sep 2026, StormVista + corrected thermal; sell P&L = forward settle minus daily settle"
evening wind vs normal,< 50%,d8-13,230,-26.02,-6.97,52.2,"replay Oct 2024-Sep 2026, StormVista + corrected thermal; sell P&L = forward settle minus daily settle"
evening wind vs normal,50-80%,d8-13,1106,-6.76,-3.16,65.5,"replay Oct 2024-Sep 2026, StormVista + corrected thermal; sell P&L = forward settle minus daily settle"
evening wind vs normal,80-120%,d8-13,1239,-1.92,1.57,68.8,"replay Oct 2024-Sep 2026, StormVista + corrected thermal; sell P&L = forward settle minus daily settle"
evening wind vs normal,> 120%,d8-13,632,11.5,10.1,75.6,"replay Oct 2024-Sep 2026, StormVista + corrected thermal; sell P&L = forward settle minus daily settle"
