iss,t,lead,report,gencap,out_total,act,pers
2026-09-22,2026-09-23,1,9872,9871.666666666668,3515,9841.208166666667,9818.956666666665
2026-09-22,2026-09-24,2,9983,9983.875,3404,9766.367666666665,9818.956666666665
2026-09-22,2026-09-25,3,10103,10102.75,3284,9860.890166666666,9818.956666666665
2026-09-22,2026-09-26,4,10336,10335.791666666666,3051,9959.943666666666,9818.956666666665
2026-09-22,2026-09-27,5,10391,10391.208333333334,2996,9902.833916666666,9818.956666666665
2026-09-22,2026-09-28,6,10055,10055.916666666668,3332,9604.819750000002,9818.956666666665
2026-09-22,2026-09-29,7,10527,10527.583333333332,2860,9608.33475,9818.956666666665
2026-09-22,2026-09-30,8,10928,10927.708333333334,2459,9930.7795,9818.956666666665
2026-09-22,2026-10-01,9,11088,11088.0,2299,10032.364749999999,9818.956666666665
2026-09-22,2026-10-02,10,11252,11252.0,2135,,9818.956666666665
2026-09-22,2026-10-03,11,11438,11438.0,1949,,9818.956666666665
2026-09-22,2026-10-04,12,11365,11364.583333333334,2022,,9818.956666666665
2026-09-22,2026-10-05,13,11280,11279.916666666668,2107,,9818.956666666665
2026-09-22,2026-10-06,14,10507,10507.916666666666,2880,,9818.956666666665
2026-09-23,2026-09-24,1,9941,9940.166666666666,3446,9766.367666666665,9830.221249999999
2026-09-23,2026-09-25,2,10087,10087.5,3300,9860.890166666666,9830.221249999999
2026-09-23,2026-09-26,3,10308,10308.5,3079,9959.943666666666,9830.221249999999
2026-09-23,2026-09-27,4,10356,10355.541666666666,3031,9902.833916666666,9830.221249999999
2026-09-23,2026-09-28,5,10305,10305.666666666668,3082,9604.819750000002,9830.221249999999
2026-09-23,2026-09-29,6,10399,10398.125,2988,9608.33475,9830.221249999999
2026-09-23,2026-09-30,7,10798,10797.375,2589,9930.7795,9830.221249999999
2026-09-23,2026-10-01,8,11059,11059.0,2328,10032.364749999999,9830.221249999999
2026-09-23,2026-10-02,9,11252,11252.0,2135,,9830.221249999999
2026-09-23,2026-10-03,10,11438,11438.0,1949,,9830.221249999999
2026-09-23,2026-10-04,11,11365,11364.583333333334,2022,,9830.221249999999
2026-09-23,2026-10-05,12,11280,11279.916666666668,2107,,9830.221249999999
2026-09-23,2026-10-06,13,10507,10507.916666666666,2880,,9830.221249999999
2026-09-23,2026-10-07,14,10438,10437.75,2949,,9830.221249999999
2026-09-24,2026-09-25,1,9980,9980.75,3407,9860.890166666666,9841.208166666667
2026-09-24,2026-09-26,2,10247,10247.458333333334,3140,9959.943666666666,9841.208166666667
2026-09-24,2026-09-27,3,10209,10208.291666666668,3178,9902.833916666666,9841.208166666667
2026-09-24,2026-09-28,4,10161,10161.625000000002,3226,9604.819750000002,9841.208166666667
2026-09-24,2026-09-29,5,10278,10277.666666666668,3109,9608.33475,9841.208166666667
2026-09-24,2026-09-30,6,10499,10498.833333333332,2888,9930.7795,9841.208166666667
2026-09-24,2026-10-01,7,10800,10800.0,2587,10032.364749999999,9841.208166666667
2026-09-24,2026-10-02,8,11226,11226.0,2161,,9841.208166666667
2026-09-24,2026-10-03,9,11437,11437.0,1950,,9841.208166666667
2026-09-24,2026-10-04,10,11364,11363.583333333334,2023,,9841.208166666667
2026-09-24,2026-10-05,11,11279,11278.916666666668,2108,,9841.208166666667
2026-09-24,2026-10-06,12,10490,10490.416666666666,2897,,9841.208166666667
2026-09-24,2026-10-07,13,10018,10017.75,3369,,9841.208166666667
2026-09-24,2026-10-08,14,10048,10048.166666666666,3339,,9841.208166666667
2026-09-25,2026-09-26,1,10211,10211.250000000002,3176,9959.943666666666,9766.367666666665
2026-09-25,2026-09-27,2,10219,10219.125,3168,9902.833916666666,9766.367666666665
2026-09-25,2026-09-28,3,10141,10141.041666666666,3246,9604.819750000002,9766.367666666665
2026-09-25,2026-09-29,4,10265,10264.416666666666,3122,9608.33475,9766.367666666665
2026-09-25,2026-09-30,5,10542,10542.458333333334,2845,9930.7795,9766.367666666665
2026-09-25,2026-10-01,6,10589,10588.458333333334,2798,10032.364749999999,9766.367666666665
2026-09-25,2026-10-02,7,11026,11025.875,2361,,9766.367666666665
2026-09-25,2026-10-03,8,11332,11332.0,2055,,9766.367666666665
2026-09-25,2026-10-04,9,11349,11348.583333333334,2038,,9766.367666666665
2026-09-25,2026-10-05,10,11264,11263.916666666668,2123,,9766.367666666665
2026-09-25,2026-10-06,11,10475,10475.416666666666,2912,,9766.367666666665
2026-09-25,2026-10-07,12,10003,10002.75,3384,,9766.367666666665
2026-09-25,2026-10-08,13,10063,10063.166666666666,3324,,9766.367666666665
2026-09-25,2026-10-09,14,10707,10707.125,2680,,9766.367666666665
2026-09-26,2026-09-27,1,10051,10051.416666666666,3336,9902.833916666666,9860.890166666666
2026-09-26,2026-09-28,2,10045,10044.791666666668,3342,9604.819750000002,9860.890166666666
2026-09-26,2026-09-29,3,10163,10163.291666666666,3224,9608.33475,9860.890166666666
2026-09-26,2026-09-30,4,10405,10404.75,2982,9930.7795,9860.890166666666
2026-09-26,2026-10-01,5,10505,10505.625,2882,10032.364749999999,9860.890166666666
2026-09-26,2026-10-02,6,10566,10565.416666666666,2821,,9860.890166666666
2026-09-26,2026-10-03,7,10848,10847.333333333334,2539,,9860.890166666666
2026-09-26,2026-10-04,8,11320,11320.25,2067,,9860.890166666666
2026-09-26,2026-10-05,9,11264,11263.916666666668,2123,,9860.890166666666
2026-09-26,2026-10-06,10,10475,10475.416666666666,2912,,9860.890166666666
2026-09-26,2026-10-07,11,10003,10002.75,3384,,9860.890166666666
2026-09-26,2026-10-08,12,10063,10063.166666666666,3324,,9860.890166666666
2026-09-26,2026-10-09,13,10707,10707.125,2680,,9860.890166666666
2026-09-26,2026-10-10,14,11111,11111.0,2276,,9860.890166666666
2026-09-27,2026-09-28,1,9853,9853.375,3534,9604.819750000002,9959.943666666666
2026-09-27,2026-09-29,2,10161,10161.791666666666,3226,9608.33475,9959.943666666666
2026-09-27,2026-09-30,3,10401,10401.083333333334,2986,9930.7795,9959.943666666666
2026-09-27,2026-10-01,4,10490,10489.833333333334,2897,10032.364749999999,9959.943666666666
2026-09-27,2026-10-02,5,10633,10633.124999999998,2754,,9959.943666666666
2026-09-27,2026-10-03,6,10855,10854.791666666666,2532,,9959.943666666666
2026-09-27,2026-10-04,7,10892,10892.833333333332,2495,,9959.943666666666
2026-09-27,2026-10-05,8,11231,11230.916666666668,2156,,9959.943666666666
2026-09-27,2026-10-06,9,10475,10475.416666666666,2912,,9959.943666666666
2026-09-27,2026-10-07,10,10003,10002.75,3384,,9959.943666666666
2026-09-27,2026-10-08,11,10063,10063.166666666666,3324,,9959.943666666666
2026-09-27,2026-10-09,12,10707,10707.125,2680,,9959.943666666666
2026-09-27,2026-10-10,13,11111,11111.0,2276,,9959.943666666666
2026-09-27,2026-10-11,14,11235,11235.0,2152,,9959.943666666666
2026-09-28,2026-09-29,1,10127,10127.208333333334,3260,9608.33475,9902.833916666666
2026-09-28,2026-09-30,2,10407,10407.083333333334,2980,9930.7795,9902.833916666666
2026-09-28,2026-10-01,3,10496,10495.833333333334,2891,10032.364749999999,9902.833916666666
2026-09-28,2026-10-02,4,10626,10626.124999999998,2761,,9902.833916666666
2026-09-28,2026-10-03,5,10862,10861.791666666666,2525,,9902.833916666666
2026-09-28,2026-10-04,6,10847,10847.833333333332,2540,,9902.833916666666
2026-09-28,2026-10-05,7,11123,11122.958333333332,2264,,9902.833916666666
2026-09-28,2026-10-06,8,10442,10442.416666666666,2945,,9902.833916666666
2026-09-28,2026-10-07,9,10003,10002.75,3384,,9902.833916666666
2026-09-28,2026-10-08,10,10063,10063.166666666666,3324,,9902.833916666666
2026-09-28,2026-10-09,11,10707,10707.125,2680,,9902.833916666666
2026-09-28,2026-10-10,12,11111,11111.0,2276,,9902.833916666666
2026-09-28,2026-10-11,13,11235,11235.0,2152,,9902.833916666666
2026-09-28,2026-10-12,14,11190,11190.25,2197,,9902.833916666666
2026-09-29,2026-09-30,1,10392,10391.541666666666,2995,9930.7795,9604.819750000002
2026-09-29,2026-10-01,2,10453,10453.874999999998,2934,10032.364749999999,9604.819750000002
2026-09-29,2026-10-02,3,10581,10581.291666666668,2806,,9604.819750000002
2026-09-29,2026-10-03,4,10818,10817.541666666668,2569,,9604.819750000002
2026-09-29,2026-10-04,5,10825,10825.0,2562,,9604.819750000002
2026-09-29,2026-10-05,6,10672,10672.333333333332,2715,,9604.819750000002
2026-09-29,2026-10-06,7,10390,10389.5,2997,,9604.819750000002
2026-09-29,2026-10-07,8,10167,10166.75,3220,,9604.819750000002
2026-09-29,2026-10-08,9,10260,10260.166666666666,3127,,9604.819750000002
2026-09-29,2026-10-09,10,10904,10904.125,2483,,9604.819750000002
2026-09-29,2026-10-10,11,11308,11308.0,2079,,9604.819750000002
2026-09-29,2026-10-11,12,11432,11432.0,1955,,9604.819750000002
2026-09-29,2026-10-12,13,11431,11431.25,1956,,9604.819750000002
2026-09-29,2026-10-13,14,11425,11425.25,1962,,9604.819750000002
2026-09-30,2026-10-01,1,10356,10356.249999999998,3031,10032.364749999999,9608.33475
2026-09-30,2026-10-02,2,10464,10464.208333333334,2923,,9608.33475
2026-09-30,2026-10-03,3,10694,10694.041666666668,2693,,9608.33475
2026-09-30,2026-10-04,4,10574,10573.625,2813,,9608.33475
2026-09-30,2026-10-05,5,10222,10221.208333333334,3165,,9608.33475
2026-09-30,2026-10-06,6,10024,10023.666666666668,3363,,9608.33475
2026-09-30,2026-10-07,7,10050,10049.75,3337,,9608.33475
2026-09-30,2026-10-08,8,10211,10211.166666666666,3176,,9608.33475
2026-09-30,2026-10-09,9,10888,10888.125,2499,,9608.33475
2026-09-30,2026-10-10,10,11292,11292.0,2095,,9608.33475
2026-09-30,2026-10-11,11,11416,11416.0,1971,,9608.33475
2026-09-30,2026-10-12,12,11415,11415.25,1972,,9608.33475
2026-09-30,2026-10-13,13,11339,11339.25,2048,,9608.33475
2026-09-30,2026-10-14,14,11326,11326.25,2061,,9608.33475
2026-10-01,2026-10-02,1,10472,10473.166666666668,2915,,9930.7795
2026-10-01,2026-10-03,2,10698,10697.583333333334,2689,,9930.7795
2026-10-01,2026-10-04,3,10571,10570.125,2816,,9930.7795
2026-10-01,2026-10-05,4,10194,10193.916666666668,3193,,9930.7795
2026-10-01,2026-10-06,5,10023,10022.5,3364,,9930.7795
2026-10-01,2026-10-07,6,9768,9767.916666666666,3619,,9930.7795
2026-10-01,2026-10-08,7,9926,9926.166666666666,3461,,9930.7795
2026-10-01,2026-10-09,8,10842,10842.125,2545,,9930.7795
2026-10-01,2026-10-10,9,11267,11267.0,2120,,9930.7795
2026-10-01,2026-10-11,10,11391,11391.0,1996,,9930.7795
2026-10-01,2026-10-12,11,11390,11390.25,1997,,9930.7795
2026-10-01,2026-10-13,12,11314,11314.25,2073,,9930.7795
2026-10-01,2026-10-14,13,11301,11301.25,2086,,9930.7795
2026-10-01,2026-10-15,14,11320,11320.166666666666,2067,,9930.7795
2026-10-02,2026-10-03,1,10466,10466.416666666666,2921,,10032.364749999999
2026-10-02,2026-10-04,2,10509,10509.5,2878,,10032.364749999999
2026-10-02,2026-10-05,3,10119,10118.083333333334,3268,,10032.364749999999
2026-10-02,2026-10-06,4,10048,10047.958333333332,3339,,10032.364749999999
2026-10-02,2026-10-07,5,9749,9749.833333333334,3638,,10032.364749999999
2026-10-02,2026-10-08,6,9790,9790.5,3597,,10032.364749999999
2026-10-02,2026-10-09,7,10543,10543.041666666668,2844,,10032.364749999999
2026-10-02,2026-10-10,8,11242,11242.0,2145,,10032.364749999999
2026-10-02,2026-10-11,9,11295,11295.0,2092,,10032.364749999999
2026-10-02,2026-10-12,10,11294,11294.25,2093,,10032.364749999999
2026-10-02,2026-10-13,11,11301,11301.583333333332,2086,,10032.364749999999
2026-10-02,2026-10-14,12,11282,11282.25,2105,,10032.364749999999
2026-10-02,2026-10-15,13,11301,11301.166666666666,2086,,10032.364749999999
2026-10-02,2026-10-16,14,11079,11079.375000000002,2308,,10032.364749999999
