run,day,lead,mincush,ev_page,fwd,pwin_raw,q01,q02,q03,q04,q05,q06,q07,q08,q09,q10,q11,q12,q13,q14,q15,q16,q17,q18,q19,q20,q21,q22,q23,q24,q25,q26,q27,q28,q29,q30,q31,q32,q33,q34,q35,q36,q37,q38,q39,q40,q41,q42,q43,q44,q45,q46,q47,q48,q49,q50,q51,q52,q53,q54,q55,q56,q57,q58,q59,q60,q61,q62,q63,q64,q65,q66,q67,q68,q69,q70,q71,q72,q73,q74,q75,q76,q77,q78,q79,q80,q81,q82,q83,q84,q85,q86,q87,q88,q89,q90,q91,q92,q93,q94,q95,q96,q97,q98,q99,q_mean
2026-10-05,2026-10-06,1,638,51.34,65.0,0.812,11.482,13.987,15.553,16.471,17.18,19.312,20.535,21.096,22.149,23.167,23.823,23.954,24.26,24.871,24.936,25.675,26.26,27.535,27.746,28.581,28.943,29.391,30.174,30.464,31.332,31.558,32.636,32.817,32.959,33.529,33.827,34.841,35.53,36.066,36.379,36.624,37.057,37.683,37.851,38.781,40.292,40.929,41.379,41.691,42.057,42.575,42.91,43.091,43.786,43.958,44.195,44.729,45.232,45.879,46.799,47.277,47.64,48.233,50.625,50.7,51.384,51.642,51.829,52.579,53.29,54.043,54.68,54.911,55.668,56.682,57.368,59.602,62.624,63.107,64.673,64.892,66.397,67.276,68.576,71.594,73.269,75.551,80.464,83.969,89.161,91.227,94.7,101.006,102.681,105.381,109.421,112.337,118.35,120.003,131.403,136.628,162.532,204.636,229.444,
2026-10-05,2026-10-07,2,133,141.06,65.0,0.272,25.452,33.256,36.002,38.028,40.802,42.03,44.717,47.285,48.972,51.018,53.706,56.08,57.961,60.506,61.812,64.004,65.114,67.656,69.537,70.988,73.438,75.277,76.494,77.903,80.051,83.17,86.098,87.376,89.061,92.092,94.138,95.858,98.262,101.577,102.957,104.886,106.901,108.379,109.565,111.942,115.035,117.944,120.177,121.677,123.422,125.282,127.276,130.165,131.968,132.849,134.431,136.197,138.586,141.32,141.91,143.406,146.198,147.213,149.651,151.198,152.751,155.513,157.94,160.203,162.51,164.838,167.223,169.514,172.37,175.669,180.041,181.132,184.308,187.053,189.467,193.023,194.902,198.087,202.044,204.796,207.963,212.884,221.362,223.61,231.038,238.162,244.191,253.472,261.724,269.726,278.546,292.73,304.643,319.317,334.616,350.744,366.601,401.966,428.656,
2026-10-05,2026-10-08,3,410,124.16,65.0,0.336,26.193,28.108,32.37,35.227,37.193,40.412,43.581,46.101,47.667,49.854,52.659,53.839,55.668,56.845,58.033,59.288,61.271,62.933,65.69,67.349,68.846,70.573,72.661,74.46,76.56,77.416,79.349,81.357,83.62,85.794,86.705,89.398,91.543,93.38,94.814,96.345,98.794,100.436,104.007,106.125,107.829,109.142,111.052,112.405,113.67,115.183,115.948,117.343,120.163,122.079,125.861,127.47,128.678,131.077,134.397,136.804,139.039,140.741,144.069,146.163,148.476,150.498,152.257,155.661,157.609,160.209,162.079,165.217,166.916,169.892,172.864,175.494,177.467,179.705,182.564,186.345,191.124,196.422,202.058,206.35,209.492,212.619,217.554,224.15,230.288,236.652,242.736,247.653,257.864,264.601,273.241,299.59,319.128,329.165,339.484,357.785,383.628,403.958,457.548,
2026-10-05,2026-10-09,4,2680,17.37,31.6,0.814,2.84,3.899,5.013,5.885,6.815,7.052,7.518,7.923,8.05,8.19,8.3,8.634,8.91,9.018,9.373,9.627,9.919,10.249,10.398,10.657,10.806,10.931,11.14,11.33,11.643,11.831,12.011,12.236,12.425,12.646,12.844,12.966,13.292,13.582,13.715,13.873,13.967,14.145,14.359,14.502,14.757,14.881,15.059,15.244,15.463,15.553,15.799,15.981,16.138,16.313,16.501,16.683,16.933,17.118,17.31,17.691,17.942,18.104,18.314,18.591,18.831,19.036,19.289,19.508,19.625,19.883,20.478,20.8,21.211,21.675,22.0,22.564,22.955,23.272,23.849,24.556,25.45,25.865,26.132,26.432,26.784,27.604,28.082,28.851,29.307,30.645,31.676,32.328,33.11,34.459,36.474,38.328,40.931,43.975,49.472,56.673,65.592,73.487,86.318,
2026-10-05,2026-10-10,5,2862,14.98,31.6,0.792,3.019,3.913,5.278,6.168,6.417,7.315,7.817,8.055,8.41,8.506,8.735,8.992,9.25,9.336,9.604,9.776,9.888,10.069,10.25,10.444,10.663,10.904,11.022,11.201,11.364,11.559,11.692,11.91,12.183,12.353,12.536,12.721,12.933,13.205,13.333,13.521,13.671,13.837,13.989,14.155,14.33,14.674,14.764,15.014,15.233,15.388,15.6,15.908,16.104,16.298,16.471,16.78,16.949,17.079,17.301,17.618,17.809,18.0,18.267,18.379,18.753,19.124,19.431,19.699,19.926,20.264,20.408,20.832,21.342,21.71,22.187,22.734,23.237,23.528,24.586,25.425,25.88,26.556,27.237,27.583,28.149,28.781,29.713,30.692,31.451,33.687,35.006,35.732,37.344,38.83,40.158,42.443,43.98,46.145,50.19,58.039,69.557,80.605,119.21,
2026-10-05,2026-10-11,6,1209,40.16,31.6,0.514,6.404,8.692,9.399,10.391,10.733,11.884,12.449,12.802,13.406,14.097,14.73,15.102,15.421,16.075,16.525,16.923,17.392,17.745,18.138,18.435,18.894,19.377,19.625,20.273,20.553,20.884,21.288,21.896,22.221,22.511,23.105,23.507,23.734,24.029,24.402,24.773,25.017,25.51,25.951,26.489,26.939,27.572,28.194,28.885,29.55,29.978,30.677,31.245,31.743,32.378,32.755,33.303,33.763,34.247,35.085,35.783,36.479,36.998,37.822,38.849,40.064,40.902,41.72,42.34,43.383,44.656,45.618,47.133,47.88,49.357,50.302,51.129,52.38,54.499,57.142,58.081,59.075,61.174,62.323,64.412,66.622,68.156,70.888,76.019,79.639,83.872,87.899,92.01,98.902,103.185,109.079,113.961,123.246,132.495,143.285,157.194,176.81,197.976,226.346,
2026-10-05,2026-10-12,7,1588,34.02,31.6,0.59,5.955,8.487,9.287,9.994,10.306,11.257,11.764,12.276,12.853,13.295,13.504,13.959,14.489,14.954,15.246,15.659,16.215,16.517,16.686,16.962,17.255,17.503,17.838,18.036,18.475,19.025,19.44,19.877,20.333,20.677,20.811,20.985,21.328,21.826,22.251,22.575,23.084,23.347,23.65,24.258,25.088,25.511,25.822,26.093,26.467,26.993,27.379,27.797,28.282,28.561,29.376,29.756,30.425,30.75,31.515,32.075,32.522,33.576,34.233,34.839,35.575,36.604,37.739,38.52,39.184,40.424,41.319,42.061,43.692,44.461,45.49,45.849,46.514,48.371,49.886,51.164,53.526,55.089,57.75,59.396,61.686,64.594,68.18,72.175,76.031,79.592,83.204,87.363,93.974,99.818,104.011,113.15,117.733,129.614,144.357,153.816,169.006,205.735,246.907,
2026-10-05,2026-10-13,8,1235,36.38,31.6,0.46,6.411,8.337,9.467,9.955,10.464,10.949,11.383,11.787,12.551,12.892,13.205,13.771,14.12,14.665,15.317,15.897,16.306,16.607,17.128,17.977,18.506,18.906,19.448,19.735,20.114,20.815,21.34,21.989,22.539,23.196,23.765,24.269,24.699,25.351,25.838,26.299,26.935,27.562,28.223,29.027,29.472,30.019,30.789,31.37,31.954,33.118,33.88,35.151,35.667,36.489,37.191,38.21,39.151,40.143,41.1,43.068,44.395,46.166,47.01,48.508,49.823,50.888,51.622,52.816,53.853,55.42,57.371,58.225,59.133,60.804,61.925,64.154,66.222,68.442,70.608,72.727,76.593,78.89,80.366,83.203,84.841,88.978,96.468,98.873,102.37,107.599,115.696,120.572,127.699,136.967,145.401,152.289,161.6,175.222,178.446,194.861,223.358,247.444,294.734,
2026-10-05,2026-10-14,9,1619,27.67,31.6,0.548,5.521,7.563,8.396,8.877,9.33,9.796,10.181,10.432,10.738,11.155,11.851,12.321,12.618,13.133,13.575,13.828,14.187,14.55,14.766,15.182,15.457,16.172,16.696,17.015,17.443,18.126,18.523,18.874,19.345,19.861,20.354,21.005,21.584,21.812,22.313,22.74,23.201,23.771,24.398,24.914,25.315,25.936,26.587,26.907,27.81,28.365,29.019,29.913,30.542,31.326,32.246,32.88,33.192,34.014,34.724,35.306,36.355,36.94,37.718,39.002,40.011,40.658,41.687,42.447,43.289,44.794,46.071,47.734,48.546,50.271,51.574,53.09,54.944,56.507,58.07,60.096,63.981,66.367,70.399,72.334,75.415,79.49,81.262,85.648,90.142,94.186,97.37,101.742,105.672,110.701,116.325,122.143,136.649,144.281,154.76,166.765,179.173,196.934,232.966,
2026-10-05,2026-10-15,10,1500,27.41,31.6,0.578,5.297,7.051,8.068,8.797,9.317,9.89,10.619,10.843,11.205,11.582,11.993,12.337,12.761,13.018,13.446,13.643,13.968,14.413,14.912,15.049,15.333,15.642,15.797,16.117,16.524,16.914,17.375,17.884,18.261,18.76,19.271,19.738,20.075,20.624,21.008,21.333,21.904,22.316,22.771,23.124,23.724,24.43,24.929,25.54,26.267,26.958,27.496,28.564,29.017,29.61,30.111,30.723,31.655,33.031,34.131,34.931,35.583,36.439,37.122,38.067,39.046,39.967,40.707,42.462,43.829,45.045,46.552,48.283,49.484,51.881,53.771,55.935,57.3,58.805,59.752,62.76,65.977,68.151,71.634,74.767,77.288,80.835,81.863,84.509,90.164,94.407,99.354,108.413,112.725,118.214,125.756,134.211,147.174,160.553,175.297,191.165,202.75,227.192,251.41,
2026-10-05,2026-10-16,11,1396,34.66,31.6,0.444,6.896,7.85,9.48,10.125,10.9,11.609,12.406,12.838,13.175,13.63,14.189,14.921,15.306,15.432,15.887,16.48,17.221,17.864,18.285,18.569,19.101,19.342,20.048,20.362,20.646,21.23,21.981,22.668,23.119,23.729,24.393,24.686,25.122,25.913,26.548,26.921,27.63,28.354,29.106,29.894,30.572,31.365,31.712,31.99,32.843,33.452,34.575,35.265,36.498,37.336,38.513,38.97,40.202,41.581,42.127,42.87,43.839,45.08,45.884,47.123,48.251,49.583,50.847,51.708,53.571,54.635,57.222,59.158,60.211,61.748,63.094,64.045,65.919,67.106,69.364,71.771,73.843,75.51,80.391,82.981,87.861,92.204,98.376,102.333,107.968,112.163,116.575,123.774,127.862,134.509,141.534,147.03,155.132,163.661,177.033,190.302,207.672,240.657,268.047,
2026-10-05,2026-10-17,12,1643,26.84,31.6,0.632,4.683,6.093,7.315,8.166,8.817,9.263,9.428,10.037,10.655,11.036,11.223,11.836,12.204,12.597,12.881,12.977,13.251,13.533,13.701,13.847,14.25,14.432,14.713,15.223,15.652,15.929,16.321,16.598,16.991,17.246,17.737,18.109,18.479,18.928,19.332,19.707,20.243,20.755,21.106,21.428,21.743,22.327,22.651,23.102,23.799,24.512,25.285,25.778,26.363,26.982,27.346,27.952,28.637,29.234,29.748,30.897,31.976,32.77,33.455,34.444,35.135,36.822,38.118,39.302,40.519,42.13,44.213,45.627,47.346,48.63,50.046,51.928,53.991,57.244,59.351,60.996,63.944,66.602,69.16,71.724,74.932,79.994,83.421,88.248,92.09,95.456,105.412,109.366,114.267,121.8,132.063,141.489,151.278,160.358,169.364,180.729,211.076,240.912,271.238,
2026-10-05,2026-10-18,13,1538,27.81,31.6,0.636,6.218,7.971,8.749,9.422,10.128,10.354,10.976,11.291,11.708,12.075,12.527,13.116,13.33,13.549,13.886,14.084,14.394,14.545,14.714,15.025,15.248,15.607,15.95,16.378,16.549,16.91,17.192,17.464,17.811,18.223,18.661,18.909,19.309,19.644,20.158,20.588,21.031,21.378,21.74,22.181,22.533,22.928,23.243,23.614,23.89,24.746,25.064,25.669,25.861,26.394,27.172,27.626,28.335,29.037,30.084,30.834,31.605,32.275,32.802,33.95,34.863,35.47,36.218,36.887,38.085,38.892,40.636,42.5,43.299,44.107,44.895,47.296,48.623,49.229,51.078,52.748,54.784,57.652,59.139,62.706,67.141,70.812,73.787,78.221,81.871,85.013,88.905,93.43,97.739,109.605,119.868,127.597,136.216,151.71,167.602,180.206,203.67,224.39,255.588,
2026-10-06,2026-10-07,1,-15,166.57,65.0,0.09,30.12,31.128,35.447,41.005,45.927,53.952,54.385,55.701,60.7,64.92,66.627,68.479,70.586,73.36,78.94,83.135,85.374,90.289,91.178,91.899,93.814,94.569,96.736,100.01,105.806,107.732,108.941,112.896,115.426,117.576,118.642,120.982,122.924,125.461,128.253,133.237,139.876,141.498,143.302,145.287,149.635,150.544,153.31,157.625,158.34,159.684,162.657,163.087,163.95,164.549,167.439,170.003,170.431,173.398,174.301,177.881,180.998,181.954,182.828,183.455,187.235,191.693,194.821,195.805,199.32,201.093,201.717,203.834,205.448,207.505,209.353,213.873,222.207,224.254,233.842,240.534,246.354,249.474,251.121,259.225,263.318,266.571,269.548,273.047,278.649,286.404,308.827,337.175,347.323,352.0,360.618,367.019,383.389,391.297,409.611,436.178,454.704,474.26,597.765,121.246
2026-10-06,2026-10-08,2,389,123.76,65.0,0.448,16.723,22.856,26.038,27.288,30.138,33.985,35.909,38.052,39.468,40.525,41.943,43.786,45.19,46.476,47.354,49.012,51.404,52.572,53.927,55.638,57.095,58.108,61.18,63.043,65.011,66.067,69.32,70.71,73.437,76.103,78.084,80.75,82.499,84.472,85.579,87.58,90.223,92.67,94.098,94.795,97.125,98.578,100.553,103.478,105.051,107.905,110.741,113.503,118.679,121.228,124.532,128.092,130.697,133.057,134.541,136.469,138.975,141.272,143.757,145.071,149.419,152.035,153.785,157.271,160.553,164.548,167.63,172.121,176.006,178.669,182.859,184.884,188.803,191.249,195.619,199.905,204.077,208.824,216.05,218.742,223.882,227.622,236.028,240.922,251.599,261.165,268.432,276.388,280.333,283.961,301.037,309.824,318.435,325.963,334.747,362.772,385.393,424.378,487.405,82.306
2026-10-06,2026-10-09,3,1669,25.61,31.6,0.63,2.956,3.869,5.536,6.495,7.351,7.755,8.158,9.153,9.536,9.835,10.151,10.722,10.982,11.25,11.718,12.006,12.139,12.355,12.676,12.877,13.189,13.628,13.845,14.153,14.694,14.87,15.251,15.818,16.049,16.389,16.808,17.283,17.542,17.83,18.231,18.574,18.73,19.099,19.546,19.965,20.22,20.602,20.776,21.188,21.706,22.208,22.433,22.925,23.276,23.641,23.992,24.677,25.357,25.656,26.065,26.522,27.215,27.567,28.099,28.61,29.231,29.994,30.563,31.071,32.03,32.649,33.363,33.813,34.354,35.044,35.754,36.824,37.655,38.379,39.537,40.688,41.194,42.53,45.506,46.742,49.315,51.406,53.198,55.177,57.529,60.928,65.766,71.517,75.188,80.001,86.33,89.563,99.438,109.111,121.013,125.767,150.169,182.327,221.732,40.571
2026-10-06,2026-10-10,4,3003,12.44,31.6,0.964,0.702,1.057,1.263,1.477,1.72,1.885,2.204,2.413,2.62,2.929,3.027,3.182,3.341,3.409,3.562,3.757,3.96,4.099,4.324,4.534,4.644,4.926,5.036,5.172,5.355,5.491,5.616,5.865,6.037,6.189,6.397,6.568,6.726,6.864,7.037,7.197,7.367,7.462,7.67,7.829,8.002,8.189,8.36,8.568,8.737,9.049,9.192,9.275,9.404,9.539,9.738,9.876,10.165,10.463,10.67,10.852,11.246,11.477,11.658,11.932,12.193,12.434,12.653,12.814,12.981,13.165,13.361,13.574,13.772,14.04,14.352,14.523,14.984,15.204,15.45,15.707,16.084,16.454,16.828,17.03,17.723,18.204,18.615,19.214,19.993,20.67,21.667,22.04,22.586,24.024,24.791,25.64,27.74,29.14,30.426,33.391,38.439,42.375,59.765,12.142
2026-10-06,2026-10-11,5,1179,35.97,31.6,0.532,2.223,3.616,4.829,6.062,6.645,7.253,7.857,8.411,8.685,9.044,9.222,9.75,10.16,10.651,10.91,11.302,11.72,12.256,12.753,13.219,13.523,14.116,14.352,14.823,15.347,15.895,16.281,16.819,17.333,17.765,18.194,18.44,18.818,19.107,19.538,19.929,20.351,21.131,21.785,22.07,22.623,22.938,23.754,24.138,24.593,25.176,26.2,26.915,27.539,28.211,28.79,29.335,30.551,31.414,32.475,33.131,33.992,34.683,35.43,36.049,36.546,37.317,37.884,39.668,41.069,42.338,43.461,44.84,45.632,47.001,48.462,49.77,50.656,52.086,54.032,57.504,61.098,63.039,65.511,68.717,73.021,74.783,76.469,78.913,82.325,85.649,90.769,93.892,100.456,109.799,117.295,126.119,131.428,142.972,150.987,159.863,175.325,185.907,223.84,46.127
2026-10-06,2026-10-12,6,1275,42.58,31.6,0.452,6.219,7.254,8.031,8.809,9.435,10.298,11.161,11.774,13.301,13.847,14.388,14.955,15.904,16.365,16.937,17.502,18.071,18.393,18.688,19.271,19.891,20.279,20.753,21.115,21.597,21.981,22.301,22.814,23.424,23.791,24.352,24.656,24.995,25.521,26.281,26.635,26.921,27.379,27.796,28.109,28.485,28.842,29.136,29.624,30.361,30.688,31.087,31.729,32.253,32.728,33.265,33.728,34.221,35.191,35.732,36.453,37.685,38.323,38.871,40.314,41.354,42.004,43.22,43.987,44.865,45.674,46.681,47.276,47.838,48.614,50.071,50.97,52.111,53.169,55.84,58.532,60.678,62.5,63.848,66.932,69.24,71.247,72.531,74.921,77.383,79.917,84.941,90.006,94.986,98.897,107.317,111.217,120.104,126.208,135.909,151.515,167.511,196.803,249.131,47.981
2026-10-06,2026-10-13,7,1252,42.67,31.6,0.454,4.275,5.912,7.173,8.499,9.734,10.383,11.185,11.924,12.583,13.063,13.42,13.863,14.539,14.952,15.353,15.927,16.431,17.147,17.622,17.924,18.376,18.998,19.384,20.0,20.593,21.159,21.657,22.025,22.332,22.554,23.029,23.909,24.268,24.851,25.497,26.04,26.443,26.728,27.137,27.688,28.386,28.847,29.673,30.541,31.577,31.883,32.239,32.871,33.964,34.528,35.698,36.248,37.254,37.707,38.465,39.358,39.897,40.511,42.184,42.757,43.673,44.846,46.18,47.883,49.14,50.869,52.032,53.43,55.217,57.617,59.613,62.225,64.066,66.56,69.246,72.346,76.052,77.864,80.326,82.333,85.678,88.919,91.003,94.58,97.978,102.058,108.578,115.81,127.842,137.965,144.972,151.146,155.548,162.017,173.381,189.892,204.742,242.293,325.424,53.802
2026-10-06,2026-10-14,8,1748,26.76,31.6,0.578,2.717,3.673,4.301,4.807,5.361,6.123,6.594,7.057,7.462,7.821,8.127,8.523,9.056,9.45,9.713,10.506,10.752,11.3,11.764,12.274,12.704,12.985,13.218,13.716,14.162,14.494,14.742,15.288,15.787,16.307,16.819,17.18,17.62,17.794,18.083,18.515,18.997,19.277,19.588,19.897,20.366,20.722,21.269,21.936,22.288,22.879,23.628,24.128,24.91,25.258,26.189,26.772,27.6,28.281,28.804,29.726,30.576,31.62,32.601,33.386,34.358,36.093,37.119,39.347,40.257,41.973,43.081,44.521,46.122,47.227,49.341,50.801,52.157,53.404,56.192,59.314,63.286,66.478,67.732,71.145,73.397,75.809,78.116,81.666,84.175,87.819,94.319,99.247,106.853,115.264,123.172,134.629,145.824,151.576,173.527,198.356,220.023,256.612,303.267,48.664
2026-10-06,2026-10-15,9,1486,27.62,31.6,0.54,1.52,3.051,3.86,4.01,4.843,5.723,6.092,6.48,7.068,7.594,7.851,8.452,9.174,9.518,9.993,10.436,11.045,11.335,12.02,12.726,13.237,13.666,14.006,14.29,14.827,15.246,15.917,16.168,16.483,16.853,17.27,17.587,18.135,18.557,18.866,19.132,19.67,19.971,20.514,21.118,21.947,22.699,23.157,23.622,24.269,24.633,25.113,25.889,26.907,27.704,28.317,29.16,30.031,30.556,31.402,31.877,32.338,32.964,33.789,35.103,35.954,36.324,37.403,38.5,39.353,40.458,41.228,42.286,44.624,45.776,47.621,49.422,50.85,52.339,54.78,57.3,59.884,61.829,64.983,67.715,70.672,72.182,77.069,80.891,84.67,88.664,94.893,98.43,102.922,111.545,118.832,131.392,137.82,155.76,170.901,183.696,202.768,224.445,267.973,47.453
2026-10-06,2026-10-16,10,1166,42.75,31.6,0.362,7.192,8.951,9.927,10.765,12.198,12.875,13.557,14.145,14.849,15.231,15.627,16.29,16.874,17.666,18.343,18.769,19.456,19.817,20.436,20.754,21.605,22.17,22.486,23.266,23.768,24.295,24.868,25.553,26.297,26.654,27.189,28.114,29.013,29.526,30.711,31.05,31.674,32.232,32.675,33.363,34.633,35.137,35.88,37.091,37.851,38.574,39.53,40.295,41.143,42.24,43.975,45.145,46.524,46.994,47.717,48.89,50.016,50.942,52.298,54.299,54.998,55.532,58.358,60.153,61.319,62.891,67.047,68.72,70.176,72.006,74.984,77.555,80.279,84.378,87.993,89.803,92.342,98.172,100.559,107.906,111.451,114.996,123.27,126.045,131.017,135.221,140.576,146.681,154.827,162.319,168.062,184.814,191.317,201.625,217.914,239.924,267.316,289.958,342.593,59.642
2026-10-06,2026-10-17,11,1480,28.65,31.6,0.512,3.124,4.33,4.916,5.533,5.751,6.828,7.666,8.195,8.833,9.422,10.338,11.07,11.638,12.15,12.568,12.888,13.076,13.648,13.974,14.523,15.247,15.603,16.142,16.542,17.123,17.433,18.031,18.274,18.609,19.05,19.199,19.594,19.824,20.254,20.727,21.238,21.686,22.248,22.525,23.099,23.578,24.225,25.22,26.152,26.816,27.346,28.358,29.203,29.729,30.43,30.977,31.806,32.54,33.34,33.825,34.658,35.269,35.989,37.143,39.28,40.177,41.347,42.162,43.884,45.464,47.363,49.065,50.204,50.898,52.322,53.613,55.996,58.996,61.244,63.362,65.829,68.938,72.088,75.079,78.52,84.181,87.939,91.031,95.887,102.737,107.306,112.005,116.803,121.393,129.836,137.784,149.943,156.56,165.124,177.156,199.553,221.671,265.011,319.054,52.958
2026-10-06,2026-10-18,12,1476,27.86,31.6,0.536,2.423,3.307,3.832,4.472,4.963,5.49,6.33,6.804,7.214,7.51,7.844,8.419,9.065,9.586,10.176,10.43,10.853,11.505,12.456,12.878,13.444,13.87,14.256,14.476,14.73,15.306,15.52,15.782,16.208,16.8,17.398,18.153,18.794,19.212,19.86,20.324,20.807,21.218,21.597,22.219,22.745,23.403,23.833,24.438,25.203,25.939,26.512,27.149,27.967,29.102,29.66,30.652,31.376,32.23,32.761,33.528,34.487,35.113,36.322,37.155,38.603,40.025,41.142,42.37,43.877,45.081,46.93,49.388,50.384,52.597,54.437,56.18,57.487,59.158,60.674,63.79,66.046,69.756,72.268,74.719,77.044,78.512,81.269,83.183,90.103,95.007,99.308,103.374,110.466,116.95,122.233,130.642,137.548,147.511,156.419,170.107,190.607,198.753,221.508,45.971
2026-10-06,2026-10-19,13,1166,37.92,31.6,0.386,5.09,6.452,7.91,8.897,9.178,9.913,10.264,10.825,11.363,11.723,12.39,13.388,13.953,14.411,14.913,15.555,16.183,16.821,17.354,17.807,18.798,19.416,20.377,21.312,21.779,22.795,23.536,23.968,24.895,25.397,25.887,26.749,27.3,28.334,28.987,29.504,30.208,31.031,32.003,32.77,33.822,34.57,35.946,36.473,37.175,37.862,38.505,39.256,40.735,42.145,42.797,44.244,45.633,46.844,47.7,48.751,49.972,51.557,53.447,54.879,56.364,57.822,58.491,60.041,61.091,63.262,65.631,69.528,70.713,71.654,73.24,75.53,78.805,81.693,85.837,87.99,91.973,93.295,96.642,99.394,103.379,110.184,115.584,119.419,126.507,133.61,139.959,145.029,149.306,156.7,164.602,172.581,183.885,192.228,206.187,222.95,245.404,269.733,318.348,56.874
